,symbol,start_date,end_date
0,RB0909,2009-03-30,2009-07-14
1,RB0910,2009-07-15,2009-08-05
2,RB0911,2009-08-06,2009-09-01
3,RB0912,2009-09-02,2009-10-12
4,RB1001,2009-10-13,2009-11-09
5,RB1002,2009-11-10,2009-11-30
6,RB1005,2009-12-01,2010-03-09
7,RB1010,2010-03-10,2010-07-16
8,RB1101,2010-07-19,2010-10-14
9,RB1105,2010-10-15,2011-02-09
10,RB1110,2011-02-10,2011-08-05
11,RB1201,2011-08-08,2011-11-03
12,RB1205,2011-11-04,2012-03-02
13,RB1210,2012-03-05,2012-07-11
14,RB1301,2012-07-12,2012-10-23
15,RB1305,2012-10-24,2013-02-18
16,RB1310,2013-02-19,2013-07-03
17,RB1401,2013-07-04,2013-10-31
18,RB1405,2013-11-01,2014-03-04
19,RB1410,2014-03-05,2014-07-04
20,RB1501,2014-07-07,2014-10-20
21,RB1505,2014-10-21,2015-03-09
22,RB1510,2015-03-10,2015-07-20
23,RB1601,2015-07-21,2015-11-04
24,RB1605,2015-11-05,2016-03-14
25,RB1610,2016-03-15,2016-08-18
26,RB1701,2016-08-19,2016-11-28
27,RB1705,2016-11-29,2017-03-23
28,RB1710,2017-03-24,2017-08-08
29,RB1801,2017-08-09,2017-11-09
30,RB1805,2017-11-10,2018-03-28
31,RB1810,2018-03-29,2018-08-17
32,RB1901,2018-08-20,2018-11-28
33,RB1905,2018-11-29,2019-04-01
34,RB1910,2019-04-02,
35,Y0609,2006-01-10,2006-07-17
36,Y0611,2006-07-18,2006-09-06
37,Y0701,2006-09-07,2006-10-31
38,Y0705,2006-11-01,2007-03-20
39,Y0709,2007-03-21,2007-07-31
40,Y0801,2007-08-01,2007-09-14
41,Y0805,2007-09-17,2008-02-28
42,Y0809,2008-02-29,2008-07-04
43,Y0901,2008-07-07,2008-11-19
44,Y0905,2008-11-20,2009-02-24
45,Y0909,2009-02-25,2009-06-03
46,Y1001,2009-06-04,2009-08-03
47,Y1005,2009-08-04,2009-11-11
48,Y1009,2009-11-12,2010-04-26
49,Y1101,2010-04-27,2010-08-09
50,Y1105,2010-08-10,2010-10-27
51,Y1109,2010-10-28,2011-04-11
52,Y1201,2011-04-12,2011-07-12
53,Y1205,2011-07-13,2011-12-13
54,Y1209,2011-12-14,2012-05-29
55,Y1301,2012-05-30,2012-10-16
56,Y1305,2012-10-17,2013-01-22
57,Y1309,2013-01-23,2013-06-24
58,Y1401,2013-06-25,2013-10-17
59,Y1405,2013-10-18,2014-02-25
60,Y1409,2014-02-26,2014-06-04
61,Y1501,2014-06-05,2014-11-03
62,Y1505,2014-11-04,2015-03-04
63,Y1509,2015-03-05,2015-06-16
64,Y1601,2015-06-17,2015-11-17
65,Y1605,2015-11-18,2016-03-08
66,Y1609,2016-03-09,2016-07-06
67,Y1701,2016-07-07,2016-11-23
68,Y1705,2016-11-24,2017-03-21
69,Y1709,2017-03-22,2017-07-27
70,Y1801,2017-07-28,2017-12-01
71,Y1805,2017-12-04,2018-03-26
72,Y1809,2018-03-27,2018-07-26
73,Y1901,2018-07-27,2018-12-03
74,Y1905,2018-12-04,2019-04-02
75,Y1909,2019-04-03,
76,IC1505,2015-04-17,2015-05-14
77,IC1506,2015-05-15,2015-06-18
78,IC1507,2015-06-19,2015-07-16
79,IC1508,2015-07-17,2015-08-19
80,IC1509,2015-08-20,2015-09-18
81,IC1510,2015-09-21,2015-10-16
82,IC1511,2015-10-19,2015-11-19
83,IC1512,2015-11-20,2015-12-18
84,IC1601,2015-12-21,2016-01-15
85,IC1602,2016-01-18,2016-02-18
86,IC1603,2016-02-19,2016-03-18
87,IC1604,2016-03-21,2016-04-15
88,IC1605,2016-04-18,2016-05-18
89,IC1606,2016-05-19,2016-06-17
90,IC1607,2016-06-20,2016-07-15
91,IC1608,2016-07-18,2016-08-17
92,IC1609,2016-08-18,2016-09-14
93,IC1610,2016-09-19,2016-10-20
94,IC1611,2016-10-21,2016-11-15
95,IC1612,2016-11-16,2016-12-15
96,IC1701,2016-12-16,2017-01-19
97,IC1702,2017-01-20,2017-02-14
98,IC1703,2017-02-15,2017-03-16
99,IC1704,2017-03-17,2017-04-20
100,IC1705,2017-04-21,2017-05-16
101,IC1706,2017-05-17,2017-06-15
102,IC1707,2017-06-16,2017-07-21
103,IC1708,2017-07-24,2017-08-16
104,IC1709,2017-08-17,2017-09-15
105,IC1710,2017-09-18,2017-10-20
106,IC1711,2017-10-23,2017-11-15
107,IC1712,2017-11-16,2017-12-14
108,IC1801,2017-12-15,2018-01-19
109,IC1802,2018-01-22,2018-02-09
110,IC1803,2018-02-12,2018-03-16
111,IC1804,2018-03-19,2018-04-20
112,IC1805,2018-04-23,2018-05-16
113,IC1806,2018-05-17,2018-06-14
114,IC1807,2018-06-15,2018-07-18
115,IC1809,2018-07-19,2018-09-20
116,IC1810,2018-09-21,2018-10-16
117,IC1812,2018-10-17,2018-12-20
118,IC1901,2018-12-21,2019-01-16
119,IC1903,2019-01-17,2019-03-15
120,IC1904,2019-03-18,2019-04-19
121,IC1905,2019-04-22,2019-05-16
122,IC1906,2019-05-17,2019-06-21
123,IC1907,2019-06-24,
124,HC1410,2014-03-24,2014-09-01
125,HC1501,2014-09-02,2014-12-15
126,HC1505,2014-12-16,2015-04-08
127,HC1510,2015-04-09,2015-07-28
128,HC1601,2015-07-29,2015-12-01
129,HC1605,2015-12-02,2016-04-13
130,HC1610,2016-04-14,2016-09-01
131,HC1701,2016-09-02,2016-11-30
132,HC1705,2016-12-01,2017-03-28
133,HC1710,2017-03-29,2017-08-10
134,HC1801,2017-08-11,2017-11-27
135,HC1805,2017-11-28,2018-04-09
136,HC1810,2018-04-10,2018-08-20
137,HC1901,2018-08-21,2018-11-28
138,HC1905,2018-11-29,2019-04-09
139,HC1910,2019-04-10,
140,I1405,2013-10-21,2014-02-27
141,I1409,2014-02-28,2014-07-23
142,I1501,2014-07-24,2014-10-23
143,I1505,2014-10-24,2015-03-09
144,I1509,2015-03-10,2015-07-21
145,I1601,2015-07-22,2015-11-23
146,I1605,2015-11-24,2016-03-21
147,I1609,2016-03-22,2016-08-11
148,I1701,2016-08-12,2016-11-25
149,I1705,2016-11-28,2017-03-22
150,I1709,2017-03-23,2017-08-01
151,I1801,2017-08-02,2017-11-23
152,I1805,2017-11-24,2018-04-04
153,I1809,2018-04-09,2018-08-07
154,I1901,2018-08-08,2018-11-30
155,I1905,2018-12-03,2019-04-08
156,I1909,2019-04-09,
157,TA0705,2006-12-19,2007-04-06
158,TA0706,2007-04-09,2007-05-15
159,TA0707,2007-05-16,2007-07-13
160,TA0709,2007-07-16,2007-09-04
161,TA0712,2007-09-05,2007-11-02
162,TA0801,2007-11-05,2007-12-12
163,TA0803,2007-12-13,2008-02-19
164,TA0805,2008-02-20,2008-05-07
165,TA0807,2008-05-08,2008-06-03
166,TA0809,2008-06-04,2008-09-12
167,TA0811,2008-09-16,2008-10-16
168,TA0901,2008-10-17,2008-12-08
169,TA0905,2008-12-09,2009-04-08
170,TA0909,2009-04-09,2009-08-12
171,TA0910,2009-08-13,2009-09-07
172,TA0911,2009-09-08,2009-10-09
173,TA0912,2009-10-12,2009-10-27
174,TA1001,2009-10-28,2009-12-03
175,TA1002,2009-12-04,2009-12-30
176,TA1003,2009-12-31,2010-01-21
177,TA1005,2010-01-22,2010-03-29
178,TA1009,2010-03-30,2010-07-29
179,TA1101,2010-07-30,2010-11-02
180,TA1105,2010-11-03,2011-03-24
181,TA1109,2011-03-25,2011-07-05
182,TA1201,2011-07-06,2011-11-22
183,TA1205,2011-11-23,2012-03-15
184,TA1209,2012-03-16,2012-07-11
185,TA1301,2012-07-12,2012-11-06
186,TA1305,2012-11-07,2013-02-22
187,TA1309,2013-02-25,2013-07-10
188,TA1401,2013-07-11,2013-12-02
189,TA1405,2013-12-03,2014-03-11
190,TA1409,2014-03-12,2014-08-06
191,TA1501,2014-08-07,2014-11-25
192,TA1505,2014-11-26,2015-03-31
193,TA1509,2015-04-01,2015-08-06
194,TA1601,2015-08-07,2015-11-24
195,TA1605,2015-11-25,2016-03-30
196,TA1609,2016-03-31,2016-08-05
197,TA1701,2016-08-08,2016-11-15
198,TA1705,2016-11-16,2017-04-07
199,TA1709,2017-04-10,2017-08-07
200,TA1801,2017-08-08,2017-11-23
201,TA1805,2017-11-24,2018-03-27
202,TA1809,2018-03-28,2018-08-07
203,TA1901,2018-08-08,2018-11-30
204,TA1905,2018-12-03,2019-04-09
205,TA1909,2019-04-10,
206,WR0909,2009-03-30,2009-07-30
207,WR0910,2009-07-31,2009-08-14
208,WR0911,2009-08-17,2009-10-12
209,WR0912,2009-10-13,2009-10-20
210,WR1001,2009-10-21,2009-11-11
211,WR1002,2009-11-12,2009-12-22
212,WR1005,2009-12-23,2010-05-17
213,WR1010,2010-05-18,2010-09-30
214,WR1108,2010-10-08,2011-01-24
215,WR1111,2011-01-25,2011-08-02
216,WR1205,2011-08-03,2011-08-29
217,WR1206,2011-08-30,2012-06-01
218,WR1210,2012-06-04,2012-06-28
219,WR1305,2012-06-29,2012-11-16
220,WR1308,2012-11-19,2013-02-25
221,WR1310,2013-02-26,2013-05-20
222,WR1402,2013-05-21,2013-05-24
223,WR1403,2013-05-27,2013-08-30
224,WR1404,2013-09-02,2013-11-20
225,WR1409,2013-11-21,2014-07-09
226,WR1504,2014-07-10,2015-04-01
227,WR1510,2015-04-02,2015-09-29
228,WR1604,2015-09-30,2016-01-27
229,WR1701,2016-01-28,2016-08-24
230,WR1702,2016-08-25,2016-12-26
231,WR1712,2016-12-27,2017-12-15
232,WR1807,2017-12-18,2018-07-16
233,WR1812,2018-07-17,2018-08-31
234,WR1902,2018-09-03,2018-10-16
235,WR1905,2018-10-17,2019-05-13
236,WR1907,2019-05-14,
237,CF0504,2005-01-04,2005-01-26
238,CF0505,2005-01-27,2005-03-07
239,CF0506,2005-03-08,2005-04-06
240,CF0507,2005-04-07,2005-05-19
241,CF0509,2005-05-20,2005-07-06
242,CF0510,2005-07-07,2005-08-31
243,CF0511,2005-09-01,2005-09-14
244,CF0601,2005-09-15,2005-10-19
245,CF0603,2005-10-20,2005-12-19
246,CF0604,2005-12-20,2006-01-12
247,CF0605,2006-01-13,2006-03-24
248,CF0606,2006-03-27,2006-04-26
249,CF0607,2006-04-27,2006-06-09
250,CF0608,2006-06-12,2006-06-29
251,CF0609,2006-06-30,2006-08-02
252,CF0611,2006-08-03,2006-09-20
253,CF0612,2006-09-21,2006-09-27
254,CF0701,2006-09-28,2006-11-08
255,CF0705,2006-11-09,2007-03-22
256,CF0707,2007-03-23,2007-06-06
257,CF0709,2007-06-07,2007-07-09
258,CF0801,2007-07-10,2007-09-19
259,CF0805,2007-09-20,2008-02-19
260,CF0807,2008-02-20,2008-07-04
261,CF0901,2008-07-07,2008-11-17
262,CF0905,2008-11-18,2009-03-25
263,CF0907,2009-03-26,2009-05-27
264,CF0909,2009-06-01,2009-07-15
265,CF1001,2009-07-16,2009-11-02
266,CF1005,2009-11-03,2010-01-12
267,CF1009,2010-01-13,2010-04-29
268,CF1101,2010-04-30,2010-09-06
269,CF1105,2010-09-07,2010-11-26
270,CF1109,2010-11-29,2011-06-14
271,CF1201,2011-06-15,2011-08-15
272,CF1205,2011-08-16,2012-02-08
273,CF1209,2012-02-09,2012-06-04
274,CF1301,2012-06-05,2012-11-06
275,CF1305,2012-11-07,2013-01-30
276,CF1309,2013-01-31,2013-06-14
277,CF1401,2013-06-17,2013-10-14
278,CF1405,2013-10-15,2014-03-18
279,CF1501,2014-03-19,2014-11-12
280,CF1505,2014-11-13,2015-03-20
281,CF1509,2015-03-23,2015-07-02
282,CF1601,2015-07-03,2015-10-22
283,CF1605,2015-10-23,2016-02-03
284,CF1609,2016-02-04,2016-06-21
285,CF1701,2016-06-22,2016-11-22
286,CF1705,2016-11-23,2017-03-31
287,CF1709,2017-04-05,2017-08-03
288,CF1801,2017-08-04,2017-11-28
289,CF1805,2017-11-29,2018-03-26
290,CF1809,2018-03-27,2018-05-14
291,CF1901,2018-05-15,2018-11-21
292,CF1905,2018-11-22,2019-04-03
293,CF1909,2019-04-04,
294,CJ1912,2019-05-06,
295,TF1312,2013-09-09,2013-11-28
296,TF1403,2013-11-29,2014-02-21
297,TF1406,2014-02-24,2014-05-15
298,TF1409,2014-05-16,2014-08-14
299,TF1412,2014-08-15,2014-11-05
300,TF1503,2014-11-06,2015-02-04
301,TF1506,2015-02-05,2015-05-15
302,TF1509,2015-05-18,2015-08-18
303,TF1512,2015-08-19,2015-11-18
304,TF1603,2015-11-19,2016-02-05
305,TF1606,2016-02-15,2016-04-28
306,TF1609,2016-04-29,2016-08-11
307,TF1612,2016-08-12,2016-11-10
308,TF1703,2016-11-11,2017-01-24
309,TF1706,2017-01-25,2017-05-11
310,TF1709,2017-05-12,2017-08-10
311,TF1712,2017-08-11,2017-11-10
312,TF1803,2017-11-13,2018-02-12
313,TF1806,2018-02-13,2018-05-16
314,TF1809,2018-05-17,2018-08-14
315,TF1812,2018-08-15,2018-11-19
316,TF1903,2018-11-20,2019-02-20
317,TF1906,2019-02-21,2019-05-21
318,TF1909,2019-05-22,
319,V0909,2009-05-26,2009-07-28
320,V0911,2009-07-29,2009-10-13
321,V1001,2009-10-14,2009-12-02
322,V1003,2009-12-03,2010-01-18
323,V1005,2010-01-19,2010-03-31
324,V1009,2010-04-01,2010-08-04
325,V1101,2010-08-05,2010-11-11
326,V1105,2010-11-12,2011-04-18
327,V1109,2011-04-19,2011-07-25
328,V1201,2011-07-26,2011-11-11
329,V1205,2011-11-14,2012-03-28
330,V1209,2012-03-29,2012-07-13
331,V1301,2012-07-16,2012-11-12
332,V1305,2012-11-13,2013-03-21
333,V1309,2013-03-22,2013-07-18
334,V1401,2013-07-19,2013-12-05
335,V1405,2013-12-06,2014-03-28
336,V1409,2014-03-31,2014-08-05
337,V1501,2014-08-06,2014-11-03
338,V1505,2014-11-04,2015-03-27
339,V1509,2015-03-30,2015-08-12
340,V1601,2015-08-13,2015-10-19
341,V1605,2015-10-20,2016-03-25
342,V1609,2016-03-28,2016-08-18
343,V1701,2016-08-19,2016-12-02
344,V1705,2016-12-05,2017-04-07
345,V1709,2017-04-10,2017-08-09
346,V1801,2017-08-10,2017-11-29
347,V1805,2017-11-30,2018-04-09
348,V1809,2018-04-10,2018-08-08
349,V1901,2018-08-09,2018-12-03
350,V1905,2018-12-04,2019-03-25
351,V1909,2019-03-26,
352,FU0503,2005-01-04,2005-02-28
353,FU0505,2005-03-01,2005-03-16
354,FU0506,2005-03-17,2005-04-14
355,FU0507,2005-04-15,2005-05-24
356,FU0508,2005-05-25,2005-06-16
357,FU0509,2005-06-17,2005-07-11
358,FU0510,2005-07-12,2005-08-04
359,FU0511,2005-08-05,2005-09-08
360,FU0512,2005-09-09,2005-10-19
361,FU0602,2005-10-20,2005-12-01
362,FU0603,2005-12-02,2006-01-06
363,FU0604,2006-01-09,2006-02-09
364,FU0605,2006-02-10,2006-03-07
365,FU0606,2006-03-08,2006-04-05
366,FU0607,2006-04-06,2006-05-10
367,FU0608,2006-05-11,2006-06-08
368,FU0609,2006-06-09,2006-07-18
369,FU0610,2006-07-19,2006-08-17
370,FU0611,2006-08-18,2006-09-15
371,FU0612,2006-09-18,2006-10-24
372,FU0701,2006-10-25,2006-11-20
373,FU0703,2006-11-21,2007-01-18
374,FU0704,2007-01-19,2007-01-29
375,FU0705,2007-01-30,2007-03-15
376,FU0706,2007-03-16,2007-04-03
377,FU0707,2007-04-04,2007-05-11
378,FU0708,2007-05-14,2007-06-08
379,FU0709,2007-06-11,2007-07-10
380,FU0710,2007-07-11,2007-08-10
381,FU0711,2007-08-13,2007-09-06
382,FU0712,2007-09-07,2007-10-10
383,FU0801,2007-10-11,2007-11-12
384,FU0803,2007-11-13,2008-01-07
385,FU0805,2008-01-08,2008-03-18
386,FU0806,2008-03-19,2008-04-23
387,FU0807,2008-04-24,2008-05-22
388,FU0808,2008-05-23,2008-06-17
389,FU0809,2008-06-18,2008-07-15
390,FU0810,2008-07-16,2008-08-18
391,FU0811,2008-08-19,2008-09-18
392,FU0812,2008-09-19,2008-10-27
393,FU0902,2008-10-28,2008-12-12
394,FU0903,2008-12-15,2009-01-15
395,FU0905,2009-01-16,2009-03-09
396,FU0906,2009-03-10,2009-04-09
397,FU0907,2009-04-10,2009-05-11
398,FU0908,2009-05-12,2009-06-08
399,FU0909,2009-06-09,2009-07-09
400,FU0910,2009-07-10,2009-08-04
401,FU0911,2009-08-05,2009-09-09
402,FU0912,2009-09-10,2009-10-15
403,FU1001,2009-10-16,2009-11-17
404,FU1003,2009-11-18,2009-12-30
405,FU1005,2009-12-31,2010-03-18
406,FU1006,2010-03-19,2010-04-30
407,FU1007,2010-05-04,2010-05-19
408,FU1009,2010-05-20,2010-07-30
409,FU1010,2010-08-02,2010-08-20
410,FU1011,2010-08-23,2010-09-20
411,FU1012,2010-09-21,2010-10-12
412,FU1101,2010-10-13,2010-11-09
413,FU1103,2010-11-10,2011-01-11
414,FU1105,2011-01-12,2011-04-06
415,FU1109,2011-04-07,2011-08-10
416,FU1112,2011-08-11,2011-11-30
417,FU1203,2011-12-01,2012-02-01
418,FU1205,2012-02-02,2012-04-27
419,FU1209,2012-05-02,2012-08-08
420,FU1301,2012-08-09,2012-12-13
421,FU1305,2012-12-14,2013-04-26
422,FU1309,2013-05-02,2013-07-02
423,FU1311,2013-07-03,2013-08-22
424,FU1403,2013-08-23,2013-10-28
425,FU1408,2013-10-29,2014-01-06
426,FU1411,2014-01-07,2014-08-26
427,FU1505,2014-08-27,2015-02-03
428,FU1506,2015-02-04,2015-05-29
429,FU1509,2015-06-01,2015-08-31
430,FU1510,2015-09-01,2015-09-30
431,FU1601,2015-10-08,2015-10-28
432,FU1605,2015-10-29,2016-03-04
433,FU1607,2016-03-07,2016-04-15
434,FU1702,2016-04-18,2016-06-07
435,FU1704,2016-06-08,2017-03-31
436,FU1711,2017-04-05,2017-06-15
437,FU1804,2017-06-16,2018-03-30
438,FU1807,2018-04-02,2018-06-26
439,FU1812,2018-06-27,2018-06-29
440,FU1808,2018-07-02,2018-07-04
441,FU1901,2018-07-17,2018-11-19
442,FU1905,2018-11-20,2019-04-08
443,FU1909,2019-04-09,
444,FG1305,2012-12-04,2013-01-30
445,FG1309,2013-01-31,2013-06-21
446,FG1401,2013-06-24,2013-10-30
447,FG1405,2013-10-31,2014-03-18
448,FG1409,2014-03-19,2014-07-10
449,FG1501,2014-07-11,2014-11-14
450,FG1506,2014-11-17,2015-04-08
451,FG1509,2015-04-09,2015-08-10
452,FG1601,2015-08-11,2015-12-02
453,FG1605,2015-12-03,2016-04-07
454,FG1609,2016-04-08,2016-08-12
455,FG1701,2016-08-15,2016-12-05
456,FG1705,2016-12-06,2017-04-11
457,FG1709,2017-04-12,2017-08-10
458,FG1801,2017-08-11,2017-11-29
459,FG1805,2017-11-30,2018-04-10
460,FG1809,2018-04-11,2018-08-09
461,FG1901,2018-08-10,2018-12-13
462,FG1905,2018-12-14,2019-04-12
463,FG1909,2019-04-15,
464,CU0503,2005-01-04,2005-01-28
465,CU0504,2005-01-31,2005-03-01
466,CU0505,2005-03-02,2005-03-25
467,CU0506,2005-03-28,2005-04-21
468,CU0507,2005-04-22,2005-06-01
469,CU0508,2005-06-02,2005-07-04
470,CU0509,2005-07-05,2005-08-02
471,CU0510,2005-08-03,2005-08-31
472,CU0511,2005-09-01,2005-09-23
473,CU0512,2005-09-26,2005-10-26
474,CU0601,2005-10-27,2005-12-01
475,CU0602,2005-12-02,2005-12-26
476,CU0603,2005-12-27,2006-01-24
477,CU0604,2006-01-25,2006-02-24
478,CU0605,2006-02-27,2006-03-23
479,CU0606,2006-03-24,2006-04-19
480,CU0607,2006-04-20,2006-05-16
481,CU0608,2006-05-17,2006-06-16
482,CU0609,2006-06-19,2006-07-21
483,CU0610,2006-07-24,2006-09-07
484,CU0611,2006-09-08,2006-10-18
485,CU0612,2006-10-19,2006-11-03
486,CU0701,2006-11-06,2006-12-07
487,CU0702,2006-12-08,2007-01-08
488,CU0703,2007-01-09,2007-01-31
489,CU0704,2007-02-01,2007-03-01
490,CU0705,2007-03-02,2007-03-21
491,CU0706,2007-03-22,2007-04-12
492,CU0707,2007-04-13,2007-05-18
493,CU0708,2007-05-21,2007-06-19
494,CU0709,2007-06-20,2007-07-24
495,CU0710,2007-07-25,2007-08-23
496,CU0711,2007-08-24,2007-09-21
497,CU0712,2007-09-24,2007-10-23
498,CU0801,2007-10-24,2007-11-22
499,CU0802,2007-11-23,2007-12-24
500,CU0803,2007-12-25,2008-01-17
501,CU0804,2008-01-18,2008-02-19
502,CU0805,2008-02-20,2008-03-18
503,CU0806,2008-03-19,2008-04-18
504,CU0807,2008-04-21,2008-05-22
505,CU0808,2008-05-23,2008-06-24
506,CU0809,2008-06-25,2008-07-25
507,CU0810,2008-07-28,2008-08-18
508,CU0811,2008-08-19,2008-09-16
509,CU0812,2008-09-17,2008-10-20
510,CU0901,2008-10-21,2008-11-20
511,CU0902,2008-11-21,2008-12-18
512,CU0903,2008-12-19,2009-01-15
513,CU0904,2009-01-16,2009-02-10
514,CU0905,2009-02-11,2009-03-09
515,CU0906,2009-03-10,2009-04-01
516,CU0907,2009-04-02,2009-04-23
517,CU0908,2009-04-24,2009-05-27
518,CU0909,2009-06-01,2009-06-23
519,CU0910,2009-06-24,2009-07-21
520,CU0911,2009-07-22,2009-08-20
521,CU0912,2009-08-21,2009-09-30
522,CU1001,2009-10-09,2009-11-10
523,CU1002,2009-11-11,2009-11-27
524,CU1003,2009-11-30,2009-12-28
525,CU1004,2009-12-29,2010-01-20
526,CU1005,2010-01-21,2010-02-24
527,CU1006,2010-02-25,2010-03-29
528,CU1007,2010-03-30,2010-04-29
529,CU1008,2010-04-30,2010-05-28
530,CU1009,2010-05-31,2010-06-30
531,CU1010,2010-07-01,2010-07-29
532,CU1011,2010-07-30,2010-08-25
533,CU1012,2010-08-26,2010-10-08
534,CU1101,2010-10-11,2010-10-27
535,CU1102,2010-10-28,2010-11-22
536,CU1103,2010-11-23,2010-12-31
537,CU1104,2011-01-04,2011-02-09
538,CU1105,2011-02-10,2011-03-16
539,CU1106,2011-03-17,2011-04-22
540,CU1107,2011-04-25,2011-05-25
541,CU1108,2011-05-26,2011-06-28
542,CU1109,2011-06-29,2011-07-22
543,CU1110,2011-07-25,2011-08-17
544,CU1111,2011-08-18,2011-09-19
545,CU1112,2011-09-20,2011-10-20
546,CU1201,2011-10-21,2011-11-18
547,CU1202,2011-11-21,2011-12-16
548,CU1203,2011-12-19,2012-01-17
549,CU1204,2012-01-18,2012-02-10
550,CU1205,2012-02-13,2012-03-06
551,CU1206,2012-03-07,2012-04-05
552,CU1207,2012-04-06,2012-04-27
553,CU1208,2012-05-02,2012-05-18
554,CU1209,2012-05-21,2012-06-20
555,CU1210,2012-06-21,2012-07-20
556,CU1211,2012-07-23,2012-08-15
557,CU1212,2012-08-16,2012-09-18
558,CU1301,2012-09-19,2012-10-26
559,CU1302,2012-10-29,2012-11-26
560,CU1303,2012-11-27,2012-12-26
561,CU1304,2012-12-27,2013-01-25
562,CU1305,2013-01-28,2013-02-26
563,CU1306,2013-02-27,2013-03-19
564,CU1307,2013-03-20,2013-04-08
565,CU1308,2013-04-09,2013-05-03
566,CU1309,2013-05-06,2013-06-06
567,CU1310,2013-06-07,2013-07-09
568,CU1311,2013-07-10,2013-08-19
569,CU1312,2013-08-20,2013-10-10
570,CU1401,2013-10-11,2013-11-19
571,CU1402,2013-11-20,2013-12-20
572,CU1403,2013-12-23,2014-01-15
573,CU1404,2014-01-16,2014-02-20
574,CU1405,2014-02-21,2014-03-12
575,CU1406,2014-03-13,2014-04-02
576,CU1407,2014-04-03,2014-05-14
577,CU1408,2014-05-15,2014-06-26
578,CU1409,2014-06-27,2014-07-31
579,CU1410,2014-08-01,2014-09-01
580,CU1411,2014-09-02,2014-09-24
581,CU1412,2014-09-25,2014-10-20
582,CU1501,2014-10-21,2014-11-26
583,CU1502,2014-11-27,2014-12-18
584,CU1503,2014-12-19,2015-01-23
585,CU1504,2015-01-26,2015-02-25
586,CU1505,2015-02-26,2015-03-24
587,CU1506,2015-03-25,2015-04-27
588,CU1507,2015-04-28,2015-05-27
589,CU1508,2015-05-28,2015-06-29
590,CU1509,2015-06-30,2015-07-27
591,CU1510,2015-07-28,2015-08-27
592,CU1511,2015-08-28,2015-09-28
593,CU1512,2015-09-29,2015-10-30
594,CU1601,2015-11-02,2015-11-26
595,CU1602,2015-11-27,2015-12-29
596,CU1603,2015-12-30,2016-02-01
597,CU1604,2016-02-02,2016-02-29
598,CU1605,2016-03-01,2016-03-29
599,CU1606,2016-03-30,2016-04-26
600,CU1607,2016-04-27,2016-05-27
601,CU1608,2016-05-30,2016-06-28
602,CU1609,2016-06-29,2016-08-01
603,CU1610,2016-08-02,2016-09-02
604,CU1611,2016-09-05,2016-09-28
605,CU1612,2016-09-29,2016-11-01
606,CU1701,2016-11-02,2016-11-28
607,CU1702,2016-11-29,2016-12-28
608,CU1703,2016-12-29,2017-02-09
609,CU1704,2017-02-10,2017-03-08
610,CU1705,2017-03-09,2017-04-12
611,CU1706,2017-04-13,2017-05-09
612,CU1707,2017-05-10,2017-06-01
613,CU1708,2017-06-02,2017-07-03
614,CU1709,2017-07-04,2017-08-01
615,CU1710,2017-08-02,2017-09-06
616,CU1711,2017-09-07,2017-09-29
617,CU1712,2017-10-09,2017-11-07
618,CU1801,2017-11-08,2017-12-01
619,CU1802,2017-12-04,2017-12-28
620,CU1803,2017-12-29,2018-02-02
621,CU1804,2018-02-05,2018-03-01
622,CU1805,2018-03-02,2018-04-13
623,CU1806,2018-04-16,2018-05-04
624,CU1807,2018-05-07,2018-06-07
625,CU1808,2018-06-08,2018-07-09
626,CU1809,2018-07-10,2018-08-09
627,CU1810,2018-08-10,2018-09-04
628,CU1811,2018-09-05,2018-10-22
629,CU1812,2018-10-23,2018-11-02
630,CU1901,2018-11-05,2018-11-30
631,CU1902,2018-12-03,2019-01-03
632,CU1903,2019-01-04,2019-02-15
633,CU1904,2019-02-18,2019-03-06
634,CU1905,2019-03-07,2019-04-18
635,CU1906,2019-04-19,2019-05-10
636,CU1907,2019-05-13,2019-06-12
637,CU1908,2019-06-13,
638,CY1801,2017-08-21,2017-12-15
639,CY1805,2017-12-18,2018-02-06
640,CY1809,2018-02-07,2018-05-09
641,CY1810,2018-05-10,2018-10-08
642,CY1901,2018-10-09,2019-01-02
643,CY1905,2019-01-03,2019-04-16
644,CY2001,2019-04-17,
645,IH1505,2015-04-17,2015-05-14
646,IH1506,2015-05-15,2015-06-19
647,IH1507,2015-06-23,2015-07-17
648,IH1508,2015-07-20,2015-08-20
649,IH1509,2015-08-21,2015-09-18
650,IH1510,2015-09-21,2015-10-16
651,IH1512,2015-10-19,2015-12-17
652,IH1601,2015-12-18,2016-01-15
653,IH1602,2016-01-18,2016-02-17
654,IH1603,2016-02-18,2016-03-18
655,IH1604,2016-03-21,2016-04-15
656,IH1605,2016-04-18,2016-05-18
657,IH1606,2016-05-19,2016-06-16
658,IH1607,2016-06-17,2016-07-14
659,IH1608,2016-07-15,2016-08-16
660,IH1609,2016-08-17,2016-09-14
661,IH1610,2016-09-19,2016-10-20
662,IH1611,2016-10-21,2016-11-15
663,IH1612,2016-11-16,2016-12-15
664,IH1701,2016-12-16,2017-01-19
665,IH1702,2017-01-20,2017-02-14
666,IH1703,2017-02-15,2017-03-16
667,IH1704,2017-03-17,2017-04-20
668,IH1705,2017-04-21,2017-05-17
669,IH1706,2017-05-18,2017-06-15
670,IH1707,2017-06-16,2017-07-21
671,IH1708,2017-07-24,2017-08-16
672,IH1709,2017-08-17,2017-09-15
673,IH1710,2017-09-18,2017-10-20
674,IH1711,2017-10-23,2017-11-15
675,IH1712,2017-11-16,2017-12-15
676,IH1801,2017-12-18,2018-01-19
677,IH1802,2018-01-22,2018-02-13
678,IH1803,2018-02-14,2018-03-16
679,IH1804,2018-03-19,2018-04-20
680,IH1805,2018-04-23,2018-05-17
681,IH1806,2018-05-18,2018-06-15
682,IH1807,2018-06-19,2018-07-20
683,IH1808,2018-07-23,2018-08-16
684,IH1809,2018-08-17,2018-09-21
685,IH1810,2018-09-25,2018-10-19
686,IH1811,2018-10-22,2018-11-15
687,IH1812,2018-11-16,2018-12-21
688,IH1901,2018-12-24,2019-01-18
689,IH1902,2019-01-21,2019-02-14
690,IH1903,2019-02-15,2019-03-15
691,IH1904,2019-03-18,2019-04-19
692,IH1905,2019-04-22,2019-05-16
693,IH1906,2019-05-17,2019-06-21
694,IH1907,2019-06-24,
695,T1509,2015-03-23,2015-08-13
696,T1512,2015-08-14,2015-11-13
697,T1603,2015-11-16,2016-02-04
698,T1606,2016-02-05,2016-05-05
699,T1609,2016-05-06,2016-08-09
700,T1612,2016-08-10,2016-11-09
701,T1703,2016-11-10,2017-01-18
702,T1706,2017-01-19,2017-05-09
703,T1709,2017-05-10,2017-08-08
704,T1712,2017-08-09,2017-11-09
705,T1803,2017-11-10,2018-02-07
706,T1806,2018-02-08,2018-05-17
707,T1809,2018-05-18,2018-08-14
708,T1812,2018-08-15,2018-11-14
709,T1903,2018-11-15,2019-02-20
710,T1906,2019-02-21,2019-05-20
711,T1909,2019-05-21,
712,PB1109,2011-03-25,2011-08-09
713,PB1110,2011-08-10,2011-09-22
714,PB1111,2011-09-23,2011-10-18
715,PB1112,2011-10-19,2011-11-17
716,PB1201,2011-11-18,2011-12-19
717,PB1202,2011-12-20,2012-01-10
718,PB1203,2012-01-11,2012-02-16
719,PB1204,2012-02-17,2012-03-13
720,PB1205,2012-03-14,2012-03-27
721,PB1206,2012-03-28,2012-04-27
722,PB1207,2012-05-02,2012-05-21
723,PB1208,2012-05-22,2012-06-29
724,PB1209,2012-07-02,2012-07-04
725,PB1210,2012-07-05,2012-09-18
726,PB1211,2012-09-19,2012-10-15
727,PB1212,2012-10-16,2012-11-12
728,PB1301,2012-11-13,2012-12-11
729,PB1302,2012-12-12,2013-01-15
730,PB1303,2013-01-16,2013-02-01
731,PB1304,2013-02-04,2013-03-05
732,PB1305,2013-03-06,2013-04-08
733,PB1306,2013-04-09,2013-05-28
734,PB1307,2013-05-29,2013-06-21
735,PB1309,2013-06-24,2013-09-16
736,PB1312,2013-09-17,2013-11-14
737,PB1401,2013-11-15,2013-12-20
738,PB1402,2013-12-23,2014-01-23
739,PB1403,2014-01-24,2014-02-18
740,PB1404,2014-02-19,2014-03-20
741,PB1405,2014-03-21,2014-05-15
742,PB1406,2014-05-16,2014-05-21
743,PB1407,2014-05-22,2014-06-05
744,PB1408,2014-06-06,2014-07-25
745,PB1410,2014-07-28,2014-09-17
746,PB1411,2014-09-18,2014-10-20
747,PB1412,2014-10-21,2014-10-30
748,PB1501,2014-10-31,2014-12-12
749,PB1502,2014-12-15,2015-01-05
750,PB1503,2015-01-06,2015-02-02
751,PB1504,2015-02-03,2015-03-05
752,PB1505,2015-03-06,2015-03-31
753,PB1506,2015-04-01,2015-05-07
754,PB1507,2015-05-08,2015-06-02
755,PB1508,2015-06-03,2015-07-09
756,PB1509,2015-07-10,2015-07-21
757,PB1510,2015-07-22,2015-09-07
758,PB1511,2015-09-08,2015-10-09
759,PB1512,2015-10-12,2015-11-10
760,PB1601,2015-11-11,2015-12-03
761,PB1602,2015-12-04,2016-01-12
762,PB1603,2016-01-13,2016-02-17
763,PB1604,2016-02-18,2016-03-08
764,PB1605,2016-03-09,2016-04-14
765,PB1606,2016-04-15,2016-05-09
766,PB1607,2016-05-10,2016-06-14
767,PB1608,2016-06-15,2016-07-07
768,PB1609,2016-07-08,2016-08-22
769,PB1610,2016-08-23,2016-09-20
770,PB1611,2016-09-21,2016-10-20
771,PB1612,2016-10-21,2016-11-08
772,PB1701,2016-11-09,2016-12-08
773,PB1702,2016-12-09,2017-01-16
774,PB1703,2017-01-17,2017-02-21
775,PB1704,2017-02-22,2017-03-16
776,PB1705,2017-03-17,2017-04-17
777,PB1706,2017-04-18,2017-05-23
778,PB1707,2017-05-24,2017-06-22
779,PB1708,2017-06-23,2017-07-21
780,PB1709,2017-07-24,2017-08-16
781,PB1710,2017-08-17,2017-09-18
782,PB1711,2017-09-19,2017-10-20
783,PB1712,2017-10-23,2017-11-16
784,PB1801,2017-11-17,2017-12-20
785,PB1802,2017-12-21,2018-01-17
786,PB1803,2018-01-18,2018-02-14
787,PB1804,2018-02-22,2018-03-14
788,PB1805,2018-03-15,2018-04-17
789,PB1806,2018-04-18,2018-05-22
790,PB1807,2018-05-23,2018-06-26
791,PB1808,2018-06-27,2018-07-23
792,PB1809,2018-07-24,2018-08-20
793,PB1810,2018-08-21,2018-09-19
794,PB1811,2018-09-20,2018-10-22
795,PB1812,2018-10-23,2018-11-15
796,PB1901,2018-11-16,2018-12-19
797,PB1902,2018-12-20,2019-01-22
798,PB1903,2019-01-23,2019-02-21
799,PB1904,2019-02-22,2019-03-19
800,PB1905,2019-03-20,2019-04-16
801,PB1906,2019-04-17,2019-05-22
802,PB1907,2019-05-23,2019-06-21
803,PB1908,2019-06-24,
804,RM1305,2012-12-31,2013-02-18
805,RM1309,2013-02-19,2013-05-27
806,RM1401,2013-05-28,2013-11-12
807,RM1405,2013-11-13,2014-01-29
808,RM1409,2014-01-30,2014-07-24
809,RM1501,2014-07-25,2014-11-12
810,RM1505,2014-11-13,2015-03-03
811,RM1509,2015-03-04,2015-07-24
812,RM1601,2015-07-27,2015-12-01
813,RM1605,2015-12-02,2016-03-14
814,RM1609,2016-03-15,2016-08-05
815,RM1701,2016-08-08,2016-11-28
816,RM1705,2016-11-29,2017-03-20
817,RM1709,2017-03-21,2017-08-02
818,RM1801,2017-08-03,2017-12-06
819,RM1805,2017-12-07,2018-03-27
820,RM1809,2018-03-28,2018-07-26
821,RM1901,2018-07-27,2018-11-27
822,RM1905,2018-11-28,2019-04-01
823,RM1909,2019-04-02,
824,JM1309,2013-03-25,2013-07-01
825,JM1401,2013-07-02,2013-11-05
826,JM1405,2013-11-06,2014-03-13
827,JM1409,2014-03-14,2014-07-23
828,JM1501,2014-07-24,2014-11-18
829,JM1505,2014-11-19,2015-03-31
830,JM1509,2015-04-01,2015-08-10
831,JM1601,2015-08-11,2015-11-24
832,JM1605,2015-11-25,2016-03-31
833,JM1609,2016-04-01,2016-08-15
834,JM1701,2016-08-16,2016-11-30
835,JM1705,2016-12-01,2017-03-31
836,JM1709,2017-04-05,2017-08-04
837,JM1801,2017-08-07,2017-12-01
838,JM1805,2017-12-04,2018-04-11
839,JM1809,2018-04-12,2018-08-08
840,JM1901,2018-08-09,2018-12-12
841,JM1905,2018-12-13,2019-04-10
842,JM1909,2019-04-11,
843,ZC1401,2013-09-27,2013-11-08
844,ZC1405,2013-11-11,2014-03-25
845,ZC1409,2014-03-26,2014-08-01
846,ZC1501,2014-08-04,2014-12-26
847,ZC1505,2014-12-29,2015-04-03
848,ZC1509,2015-04-07,2015-05-18
849,ZC1605,2015-05-19,2016-04-07
850,ZC1609,2016-04-08,2016-08-16
851,ZC1701,2016-08-17,2016-12-06
852,ZC1705,2016-12-07,2017-04-19
853,ZC1709,2017-04-20,2017-08-10
854,ZC1801,2017-08-11,2017-12-20
855,ZC1805,2017-12-21,2018-04-13
856,ZC1809,2018-04-16,2018-08-09
857,ZC1901,2018-08-10,2018-12-06
858,ZC1905,2018-12-07,2019-04-19
859,ZC1909,2019-04-22,
860,PP1405,2014-03-03,2014-03-04
861,PP1409,2014-03-05,2014-07-30
862,PP1501,2014-07-31,2014-11-25
863,PP1505,2014-11-26,2015-03-18
864,PP1509,2015-03-19,2015-08-04
865,PP1601,2015-08-05,2015-11-25
866,PP1605,2015-11-26,2016-03-28
867,PP1609,2016-03-29,2016-08-11
868,PP1701,2016-08-12,2016-12-01
869,PP1705,2016-12-02,2017-04-11
870,PP1709,2017-04-12,2017-08-09
871,PP1801,2017-08-10,2017-12-01
872,PP1805,2017-12-04,2018-04-09
873,PP1809,2018-04-10,2018-08-07
874,PP1901,2018-08-08,2018-12-06
875,PP1905,2018-12-07,2019-04-08
876,PP1909,2019-04-09,
877,RU0503,2005-01-04,2005-02-18
878,RU0505,2005-02-21,2005-03-16
879,RU0506,2005-03-17,2005-04-11
880,RU0507,2005-04-12,2005-05-24
881,RU0508,2005-05-25,2005-06-20
882,RU0509,2005-06-21,2005-07-18
883,RU0510,2005-07-19,2005-08-16
884,RU0511,2005-08-17,2005-09-20
885,RU0601,2005-09-21,2005-10-19
886,RU0603,2005-10-20,2005-12-30
887,RU0604,2006-01-04,2006-02-13
888,RU0605,2006-02-14,2006-03-13
889,RU0606,2006-03-14,2006-03-30
890,RU0607,2006-03-31,2006-05-10
891,RU0608,2006-05-11,2006-06-09
892,RU0609,2006-06-12,2006-07-24
893,RU0610,2006-07-25,2006-08-30
894,RU0611,2006-08-31,2006-10-12
895,RU0701,2006-10-13,2006-11-22
896,RU0703,2006-11-23,2007-01-12
897,RU0705,2007-01-15,2007-03-20
898,RU0707,2007-03-21,2007-05-24
899,RU0709,2007-05-25,2007-07-18
900,RU0711,2007-07-19,2007-09-04
901,RU0801,2007-09-05,2007-11-19
902,RU0803,2007-11-20,2008-01-10
903,RU0805,2008-01-11,2008-03-03
904,RU0807,2008-03-04,2008-04-21
905,RU0809,2008-04-22,2008-07-31
906,RU0811,2008-08-01,2008-09-18
907,RU0901,2008-09-19,2008-11-10
908,RU0903,2008-11-11,2008-12-19
909,RU0905,2008-12-22,2009-02-27
910,RU0907,2009-03-02,2009-04-07
911,RU0909,2009-04-08,2009-06-18
912,RU0911,2009-06-19,2009-07-24
913,RU1001,2009-07-27,2009-11-12
914,RU1003,2009-11-13,2009-12-30
915,RU1005,2009-12-31,2010-03-02
916,RU1009,2010-03-03,2010-06-22
917,RU1011,2010-06-23,2010-07-30
918,RU1101,2010-08-02,2010-09-13
919,RU1103,2010-09-14,2010-10-26
920,RU1105,2010-10-27,2011-03-17
921,RU1109,2011-03-18,2011-07-05
922,RU1201,2011-07-06,2011-11-16
923,RU1205,2011-11-17,2012-04-06
924,RU1209,2012-04-09,2012-07-23
925,RU1301,2012-07-24,2012-11-02
926,RU1305,2012-11-05,2013-02-19
927,RU1309,2013-02-20,2013-06-28
928,RU1401,2013-07-01,2013-11-04
929,RU1405,2013-11-05,2014-02-28
930,RU1409,2014-03-03,2014-07-23
931,RU1501,2014-07-24,2014-11-21
932,RU1505,2014-11-24,2015-02-25
933,RU1509,2015-02-26,2015-07-16
934,RU1601,2015-07-17,2015-11-24
935,RU1605,2015-11-25,2016-03-17
936,RU1609,2016-03-18,2016-08-03
937,RU1701,2016-08-04,2016-11-21
938,RU1705,2016-11-22,2017-03-24
939,RU1709,2017-03-27,2017-08-02
940,RU1801,2017-08-03,2017-11-28
941,RU1805,2017-11-29,2018-03-29
942,RU1809,2018-03-30,2018-08-08
943,RU1901,2018-08-09,2018-11-30
944,RU1905,2018-12-03,2019-03-22
945,RU1909,2019-03-25,
946,P0805,2007-10-30,2008-04-18
947,P0809,2008-04-21,2008-08-07
948,P0901,2008-08-08,2008-11-27
949,P0905,2008-11-28,2009-03-04
950,P0909,2009-03-05,2009-06-09
951,P1001,2009-06-10,2009-08-10
952,P1005,2009-08-11,2009-11-27
953,P1009,2009-11-30,2010-04-28
954,P1101,2010-04-29,2010-09-08
955,P1105,2010-09-09,2010-11-05
956,P1109,2010-11-08,2011-04-12
957,P1201,2011-04-13,2011-07-19
958,P1205,2011-07-20,2012-01-16
959,P1209,2012-01-17,2012-06-06
960,P1301,2012-06-07,2012-10-22
961,P1305,2012-10-23,2013-02-05
962,P1309,2013-02-06,2013-06-14
963,P1401,2013-06-17,2013-10-30
964,P1405,2013-10-31,2014-02-26
965,P1409,2014-02-27,2014-06-16
966,P1501,2014-06-17,2014-11-06
967,P1505,2014-11-07,2015-03-05
968,P1509,2015-03-06,2015-06-04
969,P1601,2015-06-05,2015-11-27
970,P1605,2015-11-30,2016-03-15
971,P1609,2016-03-16,2016-07-06
972,P1701,2016-07-07,2016-11-23
973,P1705,2016-11-24,2017-03-09
974,P1709,2017-03-10,2017-07-05
975,P1801,2017-07-06,2017-11-20
976,P1805,2017-11-21,2018-03-21
977,P1809,2018-03-22,2018-07-20
978,P1901,2018-07-23,2018-12-03
979,P1905,2018-12-04,2019-04-10
980,P1909,2019-04-11,
981,B0505,2005-01-04,2005-03-25
982,B0507,2005-03-28,2005-05-26
983,B0509,2005-05-27,2005-09-05
984,B0601,2005-09-06,2005-10-13
985,B0605,2005-10-14,2005-10-19
986,B0609,2005-10-20,2006-09-14
987,B0701,2006-09-15,2006-10-30
988,B0705,2006-10-31,2007-02-02
989,B0709,2007-02-05,2007-05-29
990,B0801,2007-05-30,2007-07-04
991,B0805,2007-07-05,2007-10-30
992,B0807,2007-10-31,2007-11-12
993,B0809,2007-11-13,2008-03-28
994,B0901,2008-03-31,2008-10-13
995,B0905,2008-10-14,2009-01-15
996,B0909,2009-01-16,2009-04-20
997,B1001,2009-04-21,2009-05-13
998,B1003,2009-05-14,2009-07-09
999,B1005,2009-07-10,2009-09-11
1000,B1007,2009-09-14,2009-11-20
1001,B1009,2009-11-23,2010-02-04
1002,B1101,2010-02-05,2010-10-22
1003,B1105,2010-10-25,2010-11-15
1004,B1109,2010-11-16,2011-04-08
1005,B1201,2011-04-11,2011-06-17
1006,B1205,2011-06-20,2011-09-28
1007,B1209,2011-09-29,2012-04-27
1008,B1303,2012-05-02,2012-10-08
1009,B1305,2012-10-09,2013-03-29
1010,B1309,2013-04-01,2013-09-13
1011,B1401,2013-09-16,2013-12-20
1012,B1407,2013-12-23,2014-02-11
1013,B1409,2014-02-12,2014-09-15
1014,B1505,2014-09-16,2015-04-09
1015,B1509,2015-04-10,2015-09-16
1016,B1511,2015-09-17,2015-10-09
1017,B1601,2015-10-12,2015-11-20
1018,B1605,2015-11-23,2016-02-02
1019,B1701,2016-02-03,2016-04-14
1020,B1703,2016-04-15,2017-01-05
1021,B1705,2017-01-06,2017-03-15
1022,B1709,2017-03-16,2017-06-01
1023,B1805,2017-06-02,2018-02-14
1024,B1809,2018-02-22,2018-07-20
1025,B1901,2018-07-23,2018-08-31
1026,B1905,2018-09-03,2019-04-04
1027,B1906,2019-04-08,2019-05-07
1028,B1907,2019-05-08,2019-06-04
1029,B1908,2019-06-05,2019-07-01
1030,B1909,2019-07-02,
1031,SC1809,2018-03-27,2018-08-09
1032,SC1812,2018-08-10,2018-11-19
1033,SC1901,2018-11-20,2018-12-18
1034,SC1903,2018-12-19,2019-02-18
1035,SC1904,2019-02-19,2019-03-18
1036,SC1905,2019-03-19,2019-04-17
1037,SC1906,2019-04-18,2019-05-21
1038,SC1907,2019-05-22,2019-06-18
1039,SC1908,2019-06-19,
1040,J1109,2011-04-18,2011-08-22
1041,J1201,2011-08-23,2011-12-09
1042,J1205,2011-12-12,2012-04-16
1043,J1209,2012-04-17,2012-07-18
1044,J1301,2012-07-19,2012-10-25
1045,J1305,2012-10-26,2013-02-07
1046,J1309,2013-02-08,2013-06-21
1047,J1401,2013-06-24,2013-10-30
1048,J1405,2013-10-31,2014-03-11
1049,J1409,2014-03-12,2014-07-22
1050,J1501,2014-07-23,2014-11-25
1051,J1505,2014-11-26,2015-03-30
1052,J1509,2015-03-31,2015-08-11
1053,J1601,2015-08-12,2015-11-25
1054,J1605,2015-11-26,2016-03-25
1055,J1609,2016-03-28,2016-08-16
1056,J1701,2016-08-17,2016-12-02
1057,J1705,2016-12-05,2017-03-31
1058,J1709,2017-04-05,2017-08-03
1059,J1801,2017-08-04,2017-11-29
1060,J1805,2017-11-30,2018-04-11
1061,J1809,2018-04-12,2018-08-08
1062,J1901,2018-08-09,2018-12-06
1063,J1905,2018-12-07,2019-04-08
1064,J1909,2019-04-09,
1065,AP1805,2017-12-25,2018-04-12
1066,AP1810,2018-04-13,2018-07-12
1067,AP1901,2018-07-13,2018-11-08
1068,AP1905,2018-11-09,2019-04-15
1069,AP1910,2019-04-16,
1070,ZN0707,2007-03-27,2007-06-06
1071,ZN0708,2007-06-07,2007-06-29
1072,ZN0709,2007-07-02,2007-08-01
1073,ZN0710,2007-08-02,2007-08-29
1074,ZN0711,2007-08-30,2007-09-26
1075,ZN0712,2007-09-27,2007-10-25
1076,ZN0801,2007-10-26,2007-11-27
1077,ZN0802,2007-11-28,2007-12-24
1078,ZN0803,2007-12-25,2008-01-21
1079,ZN0804,2008-01-22,2008-02-21
1080,ZN0805,2008-02-22,2008-03-20
1081,ZN0806,2008-03-21,2008-04-22
1082,ZN0807,2008-04-23,2008-05-28
1083,ZN0808,2008-05-29,2008-06-24
1084,ZN0809,2008-06-25,2008-07-21
1085,ZN0810,2008-07-22,2008-08-15
1086,ZN0811,2008-08-18,2008-09-18
1087,ZN0812,2008-09-19,2008-10-20
1088,ZN0901,2008-10-21,2008-11-24
1089,ZN0902,2008-11-25,2008-12-16
1090,ZN0903,2008-12-17,2009-01-16
1091,ZN0904,2009-01-19,2009-02-10
1092,ZN0905,2009-02-11,2009-03-06
1093,ZN0906,2009-03-09,2009-03-31
1094,ZN0907,2009-04-01,2009-04-28
1095,ZN0908,2009-04-29,2009-06-02
1096,ZN0909,2009-06-03,2009-07-01
1097,ZN0910,2009-07-02,2009-07-24
1098,ZN0911,2009-07-27,2009-08-25
1099,ZN0912,2009-08-26,2009-10-12
1100,ZN1001,2009-10-13,2009-11-13
1101,ZN1002,2009-11-16,2009-11-27
1102,ZN1003,2009-11-30,2009-12-28
1103,ZN1004,2009-12-29,2010-01-20
1104,ZN1005,2010-01-21,2010-02-25
1105,ZN1006,2010-02-26,2010-03-30
1106,ZN1007,2010-03-31,2010-05-05
1107,ZN1008,2010-05-06,2010-05-27
1108,ZN1009,2010-05-28,2010-06-29
1109,ZN1010,2010-06-30,2010-07-27
1110,ZN1011,2010-07-28,2010-08-16
1111,ZN1012,2010-08-17,2010-09-10
1112,ZN1101,2010-09-13,2010-10-22
1113,ZN1102,2010-10-25,2010-11-17
1114,ZN1103,2010-11-18,2010-12-31
1115,ZN1104,2011-01-04,2011-02-11
1116,ZN1105,2011-02-14,2011-03-17
1117,ZN1106,2011-03-18,2011-04-26
1118,ZN1107,2011-04-27,2011-05-26
1119,ZN1108,2011-05-27,2011-06-24
1120,ZN1109,2011-06-27,2011-07-19
1121,ZN1110,2011-07-20,2011-08-16
1122,ZN1111,2011-08-17,2011-09-21
1123,ZN1112,2011-09-22,2011-10-19
1124,ZN1201,2011-10-20,2011-11-18
1125,ZN1202,2011-11-21,2011-12-15
1126,ZN1203,2011-12-16,2012-01-16
1127,ZN1204,2012-01-17,2012-02-15
1128,ZN1205,2012-02-16,2012-03-08
1129,ZN1206,2012-03-09,2012-04-06
1130,ZN1207,2012-04-09,2012-05-08
1131,ZN1208,2012-05-09,2012-05-28
1132,ZN1209,2012-05-29,2012-06-25
1133,ZN1210,2012-06-26,2012-07-23
1134,ZN1211,2012-07-24,2012-08-17
1135,ZN1212,2012-08-20,2012-09-20
1136,ZN1301,2012-09-21,2012-11-05
1137,ZN1302,2012-11-06,2012-12-07
1138,ZN1303,2012-12-10,2013-01-08
1139,ZN1304,2013-01-09,2013-01-30
1140,ZN1305,2013-01-31,2013-03-06
1141,ZN1306,2013-03-07,2013-04-08
1142,ZN1307,2013-04-09,2013-05-03
1143,ZN1308,2013-05-06,2013-05-22
1144,ZN1309,2013-05-23,2013-06-21
1145,ZN1310,2013-06-24,2013-07-30
1146,ZN1311,2013-07-31,2013-08-20
1147,ZN1312,2013-08-21,2013-10-10
1148,ZN1401,2013-10-11,2013-11-15
1149,ZN1402,2013-11-18,2013-12-18
1150,ZN1403,2013-12-19,2014-01-16
1151,ZN1404,2014-01-17,2014-02-20
1152,ZN1405,2014-02-21,2014-03-19
1153,ZN1406,2014-03-20,2014-04-18
1154,ZN1407,2014-04-21,2014-05-28
1155,ZN1408,2014-05-29,2014-06-23
1156,ZN1409,2014-06-24,2014-07-23
1157,ZN1410,2014-07-24,2014-08-27
1158,ZN1411,2014-08-28,2014-09-24
1159,ZN1412,2014-09-25,2014-10-29
1160,ZN1501,2014-10-30,2014-12-01
1161,ZN1502,2014-12-02,2014-12-25
1162,ZN1503,2014-12-26,2015-01-27
1163,ZN1504,2015-01-28,2015-02-26
1164,ZN1505,2015-02-27,2015-03-24
1165,ZN1506,2015-03-25,2015-04-23
1166,ZN1507,2015-04-24,2015-05-26
1167,ZN1508,2015-05-27,2015-06-26
1168,ZN1509,2015-06-29,2015-07-29
1169,ZN1510,2015-07-30,2015-08-31
1170,ZN1511,2015-09-01,2015-09-28
1171,ZN1512,2015-09-29,2015-10-30
1172,ZN1601,2015-11-02,2015-11-26
1173,ZN1602,2015-11-27,2015-12-30
1174,ZN1603,2015-12-31,2016-02-02
1175,ZN1604,2016-02-03,2016-03-02
1176,ZN1605,2016-03-03,2016-03-29
1177,ZN1606,2016-03-30,2016-05-03
1178,ZN1607,2016-05-04,2016-06-01
1179,ZN1608,2016-06-02,2016-06-30
1180,ZN1609,2016-07-01,2016-07-29
1181,ZN1610,2016-08-01,2016-08-31
1182,ZN1611,2016-09-01,2016-10-10
1183,ZN1612,2016-10-11,2016-10-31
1184,ZN1701,2016-11-01,2016-11-30
1185,ZN1702,2016-12-01,2016-12-28
1186,ZN1703,2016-12-29,2017-02-13
1187,ZN1704,2017-02-14,2017-03-06
1188,ZN1705,2017-03-07,2017-04-07
1189,ZN1706,2017-04-10,2017-05-08
1190,ZN1707,2017-05-09,2017-06-07
1191,ZN1708,2017-06-08,2017-07-05
1192,ZN1709,2017-07-06,2017-08-07
1193,ZN1710,2017-08-08,2017-09-05
1194,ZN1711,2017-09-06,2017-10-11
1195,ZN1712,2017-10-12,2017-11-02
1196,ZN1801,2017-11-03,2017-12-05
1197,ZN1802,2017-12-06,2018-01-04
1198,ZN1803,2018-01-05,2018-02-06
1199,ZN1804,2018-02-07,2018-03-05
1200,ZN1805,2018-03-06,2018-04-03
1201,ZN1806,2018-04-04,2018-05-04
1202,ZN1807,2018-05-07,2018-06-08
1203,ZN1808,2018-06-11,2018-07-06
1204,ZN1809,2018-07-09,2018-08-07
1205,ZN1810,2018-08-08,2018-09-06
1206,ZN1811,2018-09-07,2018-10-19
1207,ZN1812,2018-10-22,2018-11-02
1208,ZN1901,2018-11-05,2018-12-03
1209,ZN1902,2018-12-04,2019-01-07
1210,ZN1903,2019-01-08,2019-02-18
1211,ZN1904,2019-02-19,2019-03-07
1212,ZN1905,2019-03-08,2019-04-11
1213,ZN1906,2019-04-12,2019-05-08
1214,ZN1907,2019-05-09,2019-06-11
1215,ZN1908,2019-06-12,2019-07-05
1216,ZN1909,2019-07-08,
1217,C0505,2005-01-04,2005-03-18
1218,C0507,2005-03-21,2005-05-10
1219,C0509,2005-05-11,2005-07-21
1220,C0511,2005-07-22,2005-07-28
1221,C0601,2005-07-29,2005-09-27
1222,C0605,2005-09-28,2005-11-16
1223,C0609,2005-11-17,2006-04-18
1224,C0701,2006-04-19,2006-05-19
1225,C0703,2006-05-22,2006-07-27
1226,C0705,2006-07-28,2007-01-17
1227,C0709,2007-01-18,2007-06-26
1228,C0801,2007-06-27,2007-08-14
1229,C0805,2007-08-15,2008-01-15
1230,C0809,2008-01-16,2008-04-14
1231,C0901,2008-04-15,2008-08-22
1232,C0905,2008-08-25,2009-02-16
1233,C0909,2009-02-17,2009-06-08
1234,C1001,2009-06-09,2009-08-12
1235,C1005,2009-08-13,2009-12-29
1236,C1009,2009-12-30,2010-06-23
1237,C1101,2010-06-24,2010-08-27
1238,C1105,2010-08-30,2010-11-18
1239,C1109,2010-11-19,2011-05-09
1240,C1201,2011-05-10,2011-08-09
1241,C1205,2011-08-10,2011-12-09
1242,C1209,2011-12-12,2012-07-10
1243,C1301,2012-07-11,2012-10-19
1244,C1305,2012-10-22,2013-02-05
1245,C1309,2013-02-06,2013-07-08
1246,C1401,2013-07-09,2013-10-11
1247,C1405,2013-10-14,2014-03-27
1248,C1409,2014-03-28,2014-07-15
1249,C1501,2014-07-16,2014-10-14
1250,C1505,2014-10-15,2015-01-27
1251,C1509,2015-01-28,2015-06-24
1252,C1601,2015-06-25,2015-09-08
1253,C1605,2015-09-09,2016-02-22
1254,C1609,2016-02-23,2016-03-21
1255,C1701,2016-03-22,2016-11-14
1256,C1705,2016-11-15,2017-03-09
1257,C1709,2017-03-10,2017-08-02
1258,C1801,2017-08-03,2017-12-05
1259,C1805,2017-12-06,2018-03-15
1260,C1809,2018-03-16,2018-07-09
1261,C1901,2018-07-10,2018-11-14
1262,C1905,2018-11-15,2019-03-26
1263,C1909,2019-03-27,
1264,BU1402,2013-10-10,2014-02-14
1265,BU1406,2014-02-17,2014-05-20
1266,BU1409,2014-05-21,2014-09-15
1267,BU1412,2014-09-16,2014-12-11
1268,BU1506,2014-12-12,2015-06-02
1269,BU1509,2015-06-03,2015-08-25
1270,BU1512,2015-08-26,2015-11-26
1271,BU1601,2015-11-27,2015-12-22
1272,BU1606,2015-12-23,2016-04-11
1273,BU1609,2016-04-12,2016-08-02
1274,BU1612,2016-08-03,2016-11-11
1275,BU1706,2016-11-14,2017-04-25
1276,BU1709,2017-04-26,2017-08-02
1277,BU1712,2017-08-03,2017-11-21
1278,BU1806,2017-11-22,2018-05-03
1279,BU1812,2018-05-04,2018-11-22
1280,BU1906,2018-11-23,2019-05-06
1281,BU1912,2019-05-07,
1282,SR0605,2006-01-09,2006-02-21
1283,SR0609,2006-02-22,2006-04-03
1284,SR0701,2006-04-04,2006-05-11
1285,SR0703,2006-05-12,2006-10-24
1286,SR0705,2006-10-25,2007-03-21
1287,SR0707,2007-03-22,2007-04-24
1288,SR0709,2007-04-25,2007-05-31
1289,SR0801,2007-06-01,2007-08-20
1290,SR0805,2007-08-21,2007-12-06
1291,SR0807,2007-12-07,2008-02-21
1292,SR0809,2008-02-22,2008-04-16
1293,SR0901,2008-04-17,2008-09-16
1294,SR0905,2008-09-17,2009-01-23
1295,SR0909,2009-02-02,2009-05-12
1296,SR1001,2009-05-13,2009-08-03
1297,SR1005,2009-08-04,2009-11-19
1298,SR1009,2009-11-20,2010-03-19
1299,SR1101,2010-03-22,2010-08-18
1300,SR1105,2010-08-19,2010-11-01
1301,SR1109,2010-11-02,2011-06-14
1302,SR1201,2011-06-15,2011-09-15
1303,SR1205,2011-09-16,2011-12-27
1304,SR1209,2011-12-28,2012-05-23
1305,SR1301,2012-05-24,2012-10-29
1306,SR1305,2012-10-30,2013-01-23
1307,SR1309,2013-01-24,2013-06-27
1308,SR1401,2013-06-28,2013-11-08
1309,SR1405,2013-11-11,2014-02-24
1310,SR1409,2014-02-25,2014-06-18
1311,SR1501,2014-06-19,2014-11-10
1312,SR1505,2014-11-11,2015-02-16
1313,SR1509,2015-02-17,2015-06-23
1314,SR1601,2015-06-24,2015-11-17
1315,SR1605,2015-11-18,2016-03-01
1316,SR1609,2016-03-02,2016-07-20
1317,SR1701,2016-07-21,2016-12-07
1318,SR1705,2016-12-08,2017-03-31
1319,SR1709,2017-04-05,2017-07-17
1320,SR1801,2017-07-18,2017-12-14
1321,SR1805,2017-12-15,2018-03-30
1322,SR1809,2018-04-02,2018-07-30
1323,SR1901,2018-07-31,2018-11-12
1324,SR1905,2018-11-13,2019-03-19
1325,SR1909,2019-03-20,
1326,AG1209,2012-05-11,2012-07-24
1327,AG1212,2012-07-25,2012-11-02
1328,AG1301,2012-11-05,2012-12-17
1329,AG1306,2012-12-18,2013-05-07
1330,AG1312,2013-05-08,2013-11-27
1331,AG1406,2013-11-28,2014-05-12
1332,AG1412,2014-05-13,2014-11-06
1333,AG1506,2014-11-07,2015-05-07
1334,AG1512,2015-05-08,2015-11-17
1335,AG1606,2015-11-18,2016-05-09
1336,AG1612,2016-05-10,2016-11-11
1337,AG1706,2016-11-14,2017-05-10
1338,AG1712,2017-05-11,2017-11-21
1339,AG1806,2017-11-22,2018-05-03
1340,AG1812,2018-05-04,2018-11-02
1341,AG1906,2018-11-05,2019-05-08
1342,AG1912,2019-05-09,
1343,SM1501,2014-08-11,2015-01-16
1344,SM1505,2015-01-19,2015-05-05
1345,SM1601,2015-05-06,2015-07-01
1346,SM1604,2015-07-02,2015-07-29
1347,SM1607,2015-07-30,2016-04-29
1348,SM1609,2016-05-03,2016-08-31
1349,SM1701,2016-09-01,2016-12-14
1350,SM1705,2016-12-15,2017-04-17
1351,SM1709,2017-04-18,2017-08-11
1352,SM1801,2017-08-14,2017-12-22
1353,SM1805,2017-12-25,2018-04-25
1354,SM1809,2018-04-26,2018-08-15
1355,SM1901,2018-08-16,2018-12-24
1356,SM1905,2018-12-25,2019-04-19
1357,SM1909,2019-04-22,
1358,TS1812,2018-08-20,2018-11-30
1359,TS1903,2018-12-03,2019-03-01
1360,TS1906,2019-03-04,2019-05-24
1361,TS1909,2019-05-27,
1362,NI1507,2015-03-30,2015-05-28
1363,NI1509,2015-05-29,2015-08-14
1364,NI1601,2015-08-17,2015-12-15
1365,NI1605,2015-12-16,2016-04-08
1366,NI1609,2016-04-11,2016-08-01
1367,NI1701,2016-08-02,2016-11-25
1368,NI1705,2016-11-28,2017-04-05
1369,NI1709,2017-04-06,2017-08-03
1370,NI1801,2017-08-04,2017-11-13
1371,NI1805,2017-11-14,2018-03-29
1372,NI1807,2018-03-30,2018-06-05
1373,NI1809,2018-06-06,2018-08-06
1374,NI1811,2018-08-07,2018-10-11
1375,NI1901,2018-10-12,2018-12-06
1376,NI1905,2018-12-07,2019-04-10
1377,NI1906,2019-04-11,2019-05-07
1378,NI1907,2019-05-08,2019-06-05
1379,NI1908,2019-06-06,
1380,IF1005,2010-04-19,2010-05-18
1381,IF1006,2010-05-19,2010-06-18
1382,IF1007,2010-06-21,2010-07-15
1383,IF1008,2010-07-16,2010-08-18
1384,IF1009,2010-08-19,2010-09-16
1385,IF1010,2010-09-17,2010-10-14
1386,IF1011,2010-10-15,2010-11-11
1387,IF1012,2010-11-12,2010-12-15
1388,IF1101,2010-12-16,2011-01-20
1389,IF1102,2011-01-21,2011-02-15
1390,IF1103,2011-02-16,2011-03-17
1391,IF1104,2011-03-18,2011-04-14
1392,IF1105,2011-04-15,2011-05-18
1393,IF1106,2011-05-19,2011-06-16
1394,IF1107,2011-06-17,2011-07-15
1395,IF1108,2011-07-18,2011-08-16
1396,IF1109,2011-08-17,2011-09-15
1397,IF1110,2011-09-16,2011-10-19
1398,IF1111,2011-10-20,2011-11-16
1399,IF1112,2011-11-17,2011-12-16
1400,IF1201,2011-12-19,2012-01-18
1401,IF1202,2012-01-19,2012-02-15
1402,IF1203,2012-02-16,2012-03-15
1403,IF1204,2012-03-16,2012-04-18
1404,IF1205,2012-04-19,2012-05-16
1405,IF1206,2012-05-17,2012-06-13
1406,IF1207,2012-06-14,2012-07-19
1407,IF1208,2012-07-20,2012-08-16
1408,IF1209,2012-08-17,2012-09-18
1409,IF1210,2012-09-19,2012-10-18
1410,IF1211,2012-10-19,2012-11-15
1411,IF1212,2012-11-16,2012-12-18
1412,IF1301,2012-12-19,2013-01-17
1413,IF1302,2013-01-18,2013-02-05
1414,IF1303,2013-02-06,2013-03-14
1415,IF1304,2013-03-15,2013-04-18
1416,IF1305,2013-04-19,2013-05-10
1417,IF1306,2013-05-13,2013-06-19
1418,IF1307,2013-06-20,2013-07-18
1419,IF1308,2013-07-19,2013-08-14
1420,IF1309,2013-08-15,2013-09-18
1421,IF1310,2013-09-23,2013-10-18
1422,IF1311,2013-10-21,2013-11-14
1423,IF1312,2013-11-15,2013-12-19
1424,IF1401,2013-12-20,2014-01-17
1425,IF1402,2014-01-20,2014-02-18
1426,IF1403,2014-02-19,2014-03-20
1427,IF1404,2014-03-21,2014-04-18
1428,IF1405,2014-04-21,2014-05-14
1429,IF1406,2014-05-15,2014-06-18
1430,IF1407,2014-06-19,2014-07-18
1431,IF1408,2014-07-21,2014-08-13
1432,IF1409,2014-08-14,2014-09-18
1433,IF1410,2014-09-19,2014-10-17
1434,IF1411,2014-10-20,2014-11-18
1435,IF1412,2014-11-19,2014-12-17
1436,IF1501,2014-12-18,2015-01-15
1437,IF1502,2015-01-16,2015-02-12
1438,IF1503,2015-02-13,2015-03-19
1439,IF1504,2015-03-20,2015-04-17
1440,IF1505,2015-04-20,2015-05-13
1441,IF1506,2015-05-14,2015-06-18
1442,IF1507,2015-06-19,2015-07-17
1443,IF1508,2015-07-20,2015-08-19
1444,IF1509,2015-08-20,2015-09-18
1445,IF1510,2015-09-21,2015-10-15
1446,IF1512,2015-10-16,2015-12-18
1447,IF1601,2015-12-21,2016-01-15
1448,IF1602,2016-01-18,2016-02-17
1449,IF1603,2016-02-18,2016-03-18
1450,IF1604,2016-03-21,2016-04-15
1451,IF1605,2016-04-18,2016-05-18
1452,IF1606,2016-05-19,2016-06-16
1453,IF1607,2016-06-17,2016-07-14
1454,IF1608,2016-07-15,2016-08-17
1455,IF1609,2016-08-18,2016-09-14
1456,IF1610,2016-09-19,2016-10-20
1457,IF1611,2016-10-21,2016-11-16
1458,IF1612,2016-11-17,2016-12-15
1459,IF1701,2016-12-16,2017-01-19
1460,IF1702,2017-01-20,2017-02-14
1461,IF1703,2017-02-15,2017-03-16
1462,IF1704,2017-03-17,2017-04-20
1463,IF1705,2017-04-21,2017-05-17
1464,IF1706,2017-05-18,2017-06-15
1465,IF1707,2017-06-16,2017-07-21
1466,IF1708,2017-07-24,2017-08-15
1467,IF1709,2017-08-16,2017-09-15
1468,IF1710,2017-09-18,2017-10-20
1469,IF1711,2017-10-23,2017-11-14
1470,IF1712,2017-11-15,2017-12-14
1471,IF1801,2017-12-15,2018-01-18
1472,IF1803,2018-01-19,2018-03-16
1473,IF1804,2018-03-19,2018-04-20
1474,IF1805,2018-04-23,2018-05-16
1475,IF1806,2018-05-17,2018-06-15
1476,IF1807,2018-06-19,2018-07-20
1477,IF1808,2018-07-23,2018-08-14
1478,IF1809,2018-08-15,2018-09-20
1479,IF1810,2018-09-21,2018-10-18
1480,IF1812,2018-10-19,2018-12-21
1481,IF1901,2018-12-24,2019-01-18
1482,IF1902,2019-01-21,2019-02-11
1483,IF1903,2019-02-12,2019-03-15
1484,IF1904,2019-03-18,2019-04-19
1485,IF1905,2019-04-22,2019-05-16
1486,IF1906,2019-05-17,2019-06-21
1487,IF1907,2019-06-24,
1488,L0711,2007-08-01,2007-09-19
1489,L0801,2007-09-20,2007-12-10
1490,L0805,2007-12-11,2008-04-02
1491,L0809,2008-04-03,2008-08-11
1492,L0901,2008-08-12,2008-12-10
1493,L0903,2008-12-11,2009-01-07
1494,L0905,2009-01-08,2009-03-30
1495,L0907,2009-03-31,2009-05-14
1496,L0909,2009-05-15,2009-07-22
1497,L0911,2009-07-23,2009-10-09
1498,L1001,2009-10-12,2009-12-03
1499,L1005,2009-12-04,2010-03-29
1500,L1009,2010-03-30,2010-08-02
1501,L1101,2010-08-03,2010-11-10
1502,L1105,2010-11-11,2011-03-28
1503,L1109,2011-03-29,2011-07-19
1504,L1201,2011-07-20,2011-11-10
1505,L1205,2011-11-11,2012-03-16
1506,L1209,2012-03-19,2012-07-17
1507,L1301,2012-07-18,2012-11-01
1508,L1305,2012-11-02,2013-02-07
1509,L1309,2013-02-08,2013-07-04
1510,L1401,2013-07-05,2013-11-14
1511,L1405,2013-11-15,2014-03-07
1512,L1409,2014-03-10,2014-07-23
1513,L1501,2014-07-24,2014-12-01
1514,L1505,2014-12-02,2015-03-18
1515,L1509,2015-03-19,2015-08-04
1516,L1601,2015-08-05,2015-11-26
1517,L1605,2015-11-27,2016-03-25
1518,L1609,2016-03-28,2016-07-25
1519,L1701,2016-07-26,2016-11-28
1520,L1705,2016-11-29,2017-04-07
1521,L1709,2017-04-10,2017-07-28
1522,L1801,2017-07-31,2017-11-28
1523,L1805,2017-11-29,2018-04-04
1524,L1809,2018-04-09,2018-07-30
1525,L1901,2018-07-31,2018-11-16
1526,L1905,2018-11-19,2019-04-01
1527,L1909,2019-04-02,
1528,SF1501,2014-08-11,2014-12-25
1529,SF1505,2014-12-26,2015-05-04
1530,SF1509,2015-05-05,2015-08-10
1531,SF1601,2015-08-11,2015-12-28
1532,SF1605,2015-12-29,2016-05-03
1533,SF1609,2016-05-04,2016-07-11
1534,SF1706,2016-07-12,2017-02-21
1535,SF1801,2017-02-22,2017-03-14
1536,SF1802,2017-03-15,2017-12-15
1537,SF1805,2017-12-18,2018-04-20
1538,SF1809,2018-04-23,2018-08-16
1539,SF1901,2018-08-17,2018-12-24
1540,SF1905,2018-12-25,2019-04-23
1541,SF1909,2019-04-24,
1542,MA1203,2011-10-31,2011-12-30
1543,MA1205,2012-01-04,2012-04-11
1544,MA1209,2012-04-12,2012-08-08
1545,MA1301,2012-08-09,2012-12-10
1546,MA1305,2012-12-11,2013-04-01
1547,MA1309,2013-04-02,2013-08-19
1548,MA1401,2013-08-20,2013-12-10
1549,MA1405,2013-12-11,2014-04-03
1550,MA1409,2014-04-04,2014-06-17
1551,MA1506,2014-06-18,2015-04-17
1552,MA1509,2015-04-20,2015-07-27
1553,MA1601,2015-07-28,2015-11-30
1554,MA1605,2015-12-01,2016-04-08
1555,MA1609,2016-04-11,2016-08-09
1556,MA1701,2016-08-10,2016-12-02
1557,MA1705,2016-12-05,2017-04-07
1558,MA1709,2017-04-10,2017-08-07
1559,MA1801,2017-08-08,2017-12-11
1560,MA1805,2017-12-12,2018-04-12
1561,MA1809,2018-04-13,2018-08-09
1562,MA1901,2018-08-10,2018-12-12
1563,MA1905,2018-12-13,2019-04-12
1564,MA1909,2019-04-15,
1565,CS1505,2014-12-22,2015-04-03
1566,CS1509,2015-04-07,2015-07-28
1567,CS1601,2015-07-29,2015-10-29
1568,CS1605,2015-10-30,2016-03-21
1569,CS1609,2016-03-22,2016-06-28
1570,CS1701,2016-06-29,2016-11-22
1571,CS1705,2016-11-23,2017-03-22
1572,CS1709,2017-03-23,2017-08-08
1573,CS1801,2017-08-09,2017-12-04
1574,CS1805,2017-12-05,2018-04-02
1575,CS1809,2018-04-03,2018-08-07
1576,CS1901,2018-08-08,2018-12-07
1577,CS1905,2018-12-10,2019-04-16
1578,CS1909,2019-04-17,
1579,EG1906,2018-12-11,2019-04-30
1580,EG1909,2019-05-06,
1581,BB1405,2013-12-09,2014-04-18
1582,BB1409,2014-04-21,2014-08-29
1583,BB1501,2014-09-01,2014-12-31
1584,BB1502,2015-01-05,2015-01-29
1585,BB1505,2015-01-30,2015-05-04
1586,BB1509,2015-05-05,2015-09-16
1587,BB1511,2015-09-17,2015-11-13
1588,BB1601,2015-11-16,2016-01-15
1589,BB1609,2016-01-18,2016-06-07
1590,BB1701,2016-06-08,2017-01-16
1591,BB1703,2017-01-17,2017-03-14
1592,BB1704,2017-03-15,2017-04-06
1593,BB1705,2017-04-07,2017-05-15
1594,BB1804,2017-05-16,2018-01-15
1595,BB1805,2018-01-16,2018-05-08
1596,BB1809,2018-05-09,2018-09-14
1597,BB1903,2018-09-17,2019-03-04
1598,BB1904,2019-03-05,2019-03-18
1599,BB1910,2019-03-19,
1600,SN1507,2015-03-30,2015-07-02
1601,SN1509,2015-07-03,2015-09-14
1602,SN1601,2015-09-15,2015-12-22
1603,SN1605,2015-12-23,2016-05-04
1604,SN1609,2016-05-05,2016-08-31
1605,SN1701,2016-09-01,2016-12-30
1606,SN1705,2017-01-03,2017-04-26
1607,SN1709,2017-04-27,2017-08-30
1608,SN1801,2017-08-31,2017-12-25
1609,SN1805,2017-12-26,2018-04-18
1610,SN1809,2018-04-19,2018-08-15
1611,SN1901,2018-08-16,2018-12-06
1612,SN1905,2018-12-07,2019-04-10
1613,SN1909,2019-04-11,
1614,OI1307,2012-07-17,2012-09-20
1615,OI1309,2012-09-21,2013-06-07
1616,OI1401,2013-06-13,2013-10-22
1617,OI1405,2013-10-23,2014-01-30
1618,OI1409,2014-02-07,2014-06-06
1619,OI1501,2014-06-09,2014-11-14
1620,OI1505,2014-11-17,2015-03-10
1621,OI1509,2015-03-11,2015-06-12
1622,OI1601,2015-06-15,2015-11-10
1623,OI1605,2015-11-11,2016-03-08
1624,OI1609,2016-03-09,2016-07-04
1625,OI1701,2016-07-05,2016-11-22
1626,OI1705,2016-11-23,2017-03-15
1627,OI1709,2017-03-16,2017-07-05
1628,OI1801,2017-07-06,2017-11-17
1629,OI1805,2017-11-20,2018-03-21
1630,OI1809,2018-03-22,2018-07-02
1631,OI1901,2018-07-03,2018-12-04
1632,OI1905,2018-12-05,2019-04-02
1633,OI1909,2019-04-03,
1634,M0505,2005-01-04,2005-03-17
1635,M0508,2005-03-18,2005-06-20
1636,M0509,2005-06-21,2005-08-03
1637,M0511,2005-08-04,2005-09-06
1638,M0601,2005-09-07,2005-10-25
1639,M0605,2005-10-26,2006-02-20
1640,M0609,2006-02-21,2006-05-12
1641,M0611,2006-05-15,2006-07-31
1642,M0701,2006-08-01,2006-10-20
1643,M0705,2006-10-23,2007-01-30
1644,M0709,2007-01-31,2007-07-04
1645,M0801,2007-07-05,2007-08-24
1646,M0805,2007-08-27,2007-12-13
1647,M0809,2007-12-14,2008-06-26
1648,M0901,2008-06-27,2008-10-31
1649,M0905,2008-11-03,2009-02-25
1650,M0909,2009-02-26,2009-06-11
1651,M1001,2009-06-12,2009-07-31
1652,M1005,2009-08-03,2009-11-20
1653,M1009,2009-11-23,2010-05-04
1654,M1101,2010-05-05,2010-07-20
1655,M1105,2010-07-21,2010-10-22
1656,M1109,2010-10-25,2011-03-08
1657,M1201,2011-03-09,2011-07-06
1658,M1205,2011-07-07,2011-12-21
1659,M1209,2011-12-22,2012-04-26
1660,M1301,2012-04-27,2012-11-14
1661,M1305,2012-11-15,2013-02-18
1662,M1309,2013-02-19,2013-06-06
1663,M1401,2013-06-07,2013-11-01
1664,M1405,2013-11-04,2014-02-25
1665,M1409,2014-02-26,2014-06-10
1666,M1501,2014-06-11,2014-07-25
1667,M1505,2014-07-28,2015-02-27
1668,M1509,2015-03-02,2015-07-23
1669,M1601,2015-07-24,2015-11-23
1670,M1605,2015-11-24,2016-03-03
1671,M1609,2016-03-04,2016-07-15
1672,M1701,2016-07-18,2016-11-14
1673,M1705,2016-11-15,2017-03-16
1674,M1709,2017-03-17,2017-07-26
1675,M1801,2017-07-27,2017-11-22
1676,M1805,2017-11-23,2018-03-15
1677,M1809,2018-03-16,2018-07-02
1678,M1901,2018-07-03,2018-11-27
1679,M1905,2018-11-28,2019-03-29
1680,M1909,2019-04-01,
1681,SP1906,2018-11-28,2019-05-06
1682,SP1909,2019-05-07,
1683,JD1405,2013-11-11,2014-03-18
1684,JD1409,2014-03-19,2014-07-28
1685,JD1501,2014-07-29,2014-12-01
1686,JD1505,2014-12-02,2015-03-24
1687,JD1509,2015-03-25,2015-08-04
1688,JD1601,2015-08-05,2015-11-26
1689,JD1605,2015-11-27,2016-03-24
1690,JD1609,2016-03-25,2016-08-01
1691,JD1701,2016-08-02,2016-11-29
1692,JD1705,2016-11-30,2017-04-12
1693,JD1709,2017-04-13,2017-08-02
1694,JD1801,2017-08-03,2017-12-01
1695,JD1805,2017-12-04,2018-04-09
1696,JD1809,2018-04-10,2018-08-06
1697,JD1901,2018-08-07,2018-12-07
1698,JD1905,2018-12-10,2019-04-04
1699,JD1909,2019-04-08,
1700,AU0806,2008-01-10,2008-04-22
1701,AU0812,2008-04-23,2008-10-28
1702,AU0906,2008-10-29,2009-04-17
1703,AU0912,2009-04-20,2009-10-13
1704,AU1006,2009-10-14,2010-04-14
1705,AU1012,2010-04-15,2010-10-25
1706,AU1106,2010-10-26,2011-04-18
1707,AU1112,2011-04-19,2011-10-26
1708,AU1206,2011-10-27,2012-04-12
1709,AU1212,2012-04-13,2012-11-01
1710,AU1306,2012-11-02,2013-04-23
1711,AU1312,2013-04-24,2013-11-04
1712,AU1406,2013-11-05,2014-05-06
1713,AU1412,2014-05-07,2014-11-04
1714,AU1506,2014-11-05,2015-05-07
1715,AU1512,2015-05-08,2015-11-11
1716,AU1606,2015-11-12,2016-05-04
1717,AU1612,2016-05-05,2016-11-09
1718,AU1706,2016-11-10,2017-05-02
1719,AU1712,2017-05-03,2017-11-10
1720,AU1806,2017-11-13,2018-05-03
1721,AU1812,2018-05-04,2018-11-08
1722,AU1906,2018-11-09,2019-05-06
1723,AU1912,2019-05-07,
1724,A0505,2005-01-04,2005-03-07
1725,A0509,2005-03-08,2005-07-06
1726,A0511,2005-07-07,2005-07-25
1727,A0601,2005-07-26,2005-10-25
1728,A0605,2005-10-26,2006-02-14
1729,A0609,2006-02-15,2006-08-15
1730,A0701,2006-08-16,2006-10-31
1731,A0705,2006-11-01,2007-01-30
1732,A0709,2007-01-31,2007-05-29
1733,A0801,2007-05-30,2007-08-07
1734,A0805,2007-08-08,2007-11-15
1735,A0809,2007-11-16,2008-02-26
1736,A0901,2008-02-27,2008-10-15
1737,A0905,2008-10-16,2009-01-13
1738,A0909,2009-01-14,2009-04-14
1739,A1001,2009-04-15,2009-07-07
1740,A1005,2009-07-08,2009-10-26
1741,A1009,2009-10-27,2010-04-22
1742,A1101,2010-04-23,2010-07-21
1743,A1105,2010-07-22,2010-10-25
1744,A1109,2010-10-26,2011-01-04
1745,A1201,2011-01-05,2011-07-14
1746,A1205,2011-07-15,2011-10-27
1747,A1209,2011-10-28,2012-03-21
1748,A1301,2012-03-22,2012-08-14
1749,A1305,2012-08-15,2013-02-01
1750,A1309,2013-02-04,2013-06-07
1751,A1401,2013-06-13,2013-10-16
1752,A1405,2013-10-17,2013-12-31
1753,A1409,2014-01-02,2014-03-26
1754,A1501,2014-03-27,2014-11-25
1755,A1505,2014-11-26,2015-04-09
1756,A1509,2015-04-10,2015-06-16
1757,A1601,2015-06-17,2015-11-05
1758,A1605,2015-11-06,2016-03-09
1759,A1609,2016-03-10,2016-07-14
1760,A1701,2016-07-15,2016-11-29
1761,A1705,2016-11-30,2017-03-23
1762,A1709,2017-03-24,2017-08-04
1763,A1801,2017-08-07,2017-12-11
1764,A1805,2017-12-12,2018-04-09
1765,A1809,2018-04-10,2018-07-30
1766,A1901,2018-07-31,2018-12-24
1767,A1905,2018-12-25,2019-04-22
1768,A1909,2019-04-23,
1769,WH1307,2012-07-25,2012-11-06
1770,WH1309,2012-11-07,2013-06-24
1771,WH1401,2013-06-25,2013-11-12
1772,WH1405,2013-11-13,2014-04-29
1773,WH1409,2014-04-30,2014-08-07
1774,WH1501,2014-08-08,2015-01-16
1775,WH1505,2015-01-19,2015-05-15
1776,WH1601,2015-05-18,2015-10-20
1777,WH1605,2015-10-21,2016-04-18
1778,WH1609,2016-04-19,2016-07-19
1779,WH1701,2016-07-20,2016-12-22
1780,WH1705,2016-12-23,2017-04-26
1781,WH1709,2017-04-27,2017-07-10
1782,WH1801,2017-07-11,2017-12-28
1783,WH1805,2017-12-29,2018-04-16
1784,WH1809,2018-04-17,2018-07-13
1785,WH1901,2018-07-16,2018-12-26
1786,WH1905,2018-12-27,2019-04-25
1787,WH1909,2019-04-26,
1788,AL0503,2005-01-04,2005-02-04
1789,AL0504,2005-02-16,2005-03-04
1790,AL0505,2005-03-07,2005-03-18
1791,AL0506,2005-03-21,2005-05-10
1792,AL0507,2005-05-11,2005-06-03
1793,AL0508,2005-06-06,2005-07-07
1794,AL0509,2005-07-08,2005-07-29
1795,AL0510,2005-08-01,2005-09-13
1796,AL0511,2005-09-14,2005-10-12
1797,AL0601,2005-10-13,2005-11-28
1798,AL0603,2005-11-29,2006-01-11
1799,AL0604,2006-01-12,2006-01-25
1800,AL0605,2006-02-06,2006-03-20
1801,AL0606,2006-03-21,2006-04-12
1802,AL0607,2006-04-13,2006-05-11
1803,AL0608,2006-05-12,2006-06-15
1804,AL0609,2006-06-16,2006-07-14
1805,AL0610,2006-07-17,2006-08-21
1806,AL0611,2006-08-22,2006-09-22
1807,AL0612,2006-09-25,2006-10-20
1808,AL0701,2006-10-23,2006-12-04
1809,AL0702,2006-12-05,2006-12-25
1810,AL0703,2006-12-26,2007-01-24
1811,AL0704,2007-01-25,2007-02-15
1812,AL0705,2007-02-16,2007-03-20
1813,AL0706,2007-03-21,2007-04-10
1814,AL0707,2007-04-11,2007-05-29
1815,AL0708,2007-05-30,2007-07-02
1816,AL0709,2007-07-03,2007-07-24
1817,AL0710,2007-07-25,2007-08-20
1818,AL0711,2007-08-21,2007-09-14
1819,AL0712,2007-09-17,2007-10-26
1820,AL0801,2007-10-29,2007-11-30
1821,AL0802,2007-12-03,2007-12-25
1822,AL0803,2007-12-26,2008-01-28
1823,AL0804,2008-01-29,2008-02-22
1824,AL0805,2008-02-25,2008-03-18
1825,AL0806,2008-03-19,2008-05-05
1826,AL0807,2008-05-06,2008-05-26
1827,AL0808,2008-05-27,2008-06-20
1828,AL0809,2008-06-23,2008-08-04
1829,AL0810,2008-08-05,2008-08-20
1830,AL0811,2008-08-21,2008-09-18
1831,AL0812,2008-09-19,2008-10-16
1832,AL0901,2008-10-17,2008-11-21
1833,AL0902,2008-11-24,2008-12-15
1834,AL0903,2008-12-16,2009-01-16
1835,AL0904,2009-01-19,2009-02-11
1836,AL0905,2009-02-12,2009-03-10
1837,AL0906,2009-03-11,2009-04-07
1838,AL0907,2009-04-08,2009-05-05
1839,AL0908,2009-05-06,2009-06-03
1840,AL0909,2009-06-04,2009-07-06
1841,AL0910,2009-07-07,2009-07-27
1842,AL0911,2009-07-28,2009-08-25
1843,AL0912,2009-08-26,2009-10-21
1844,AL1001,2009-10-22,2009-11-17
1845,AL1002,2009-11-18,2009-12-08
1846,AL1003,2009-12-09,2009-12-30
1847,AL1004,2009-12-31,2010-01-25
1848,AL1005,2010-01-26,2010-03-03
1849,AL1006,2010-03-04,2010-04-08
1850,AL1007,2010-04-09,2010-05-18
1851,AL1008,2010-05-19,2010-06-08
1852,AL1009,2010-06-09,2010-07-19
1853,AL1010,2010-07-20,2010-08-04
1854,AL1011,2010-08-05,2010-08-31
1855,AL1012,2010-09-01,2010-10-12
1856,AL1101,2010-10-13,2010-11-04
1857,AL1102,2010-11-05,2010-12-03
1858,AL1103,2010-12-06,2011-01-12
1859,AL1104,2011-01-13,2011-02-21
1860,AL1105,2011-02-22,2011-03-29
1861,AL1106,2011-03-30,2011-04-28
1862,AL1107,2011-04-29,2011-06-08
1863,AL1108,2011-06-09,2011-07-01
1864,AL1109,2011-07-04,2011-07-20
1865,AL1110,2011-07-21,2011-08-16
1866,AL1111,2011-08-17,2011-09-23
1867,AL1112,2011-09-26,2011-10-27
1868,AL1201,2011-10-28,2011-11-22
1869,AL1202,2011-11-23,2011-12-12
1870,AL1203,2011-12-13,2012-01-11
1871,AL1204,2012-01-12,2012-02-10
1872,AL1205,2012-02-13,2012-03-26
1873,AL1206,2012-03-27,2012-04-12
1874,AL1207,2012-04-13,2012-05-04
1875,AL1208,2012-05-07,2012-05-25
1876,AL1209,2012-05-28,2012-06-26
1877,AL1210,2012-06-27,2012-07-27
1878,AL1211,2012-07-30,2012-09-05
1879,AL1212,2012-09-06,2012-11-06
1880,AL1301,2012-11-07,2012-12-11
1881,AL1303,2012-12-12,2013-01-30
1882,AL1304,2013-01-31,2013-02-05
1883,AL1305,2013-02-06,2013-03-07
1884,AL1306,2013-03-08,2013-05-03
1885,AL1308,2013-05-06,2013-06-04
1886,AL1309,2013-06-05,2013-06-19
1887,AL1310,2013-06-20,2013-08-19
1888,AL1311,2013-08-20,2013-08-22
1889,AL1312,2013-08-23,2013-10-24
1890,AL1401,2013-10-25,2013-11-22
1891,AL1402,2013-11-25,2013-12-13
1892,AL1403,2013-12-16,2014-01-02
1893,AL1404,2014-01-03,2014-02-21
1894,AL1405,2014-02-24,2014-03-10
1895,AL1406,2014-03-11,2014-04-24
1896,AL1407,2014-04-25,2014-05-26
1897,AL1408,2014-05-27,2014-06-26
1898,AL1409,2014-06-27,2014-07-23
1899,AL1410,2014-07-24,2014-08-26
1900,AL1411,2014-08-27,2014-09-18
1901,AL1412,2014-09-19,2014-10-23
1902,AL1501,2014-10-24,2014-11-28
1903,AL1502,2014-12-01,2014-12-18
1904,AL1503,2014-12-19,2015-01-27
1905,AL1504,2015-01-28,2015-02-27
1906,AL1505,2015-03-02,2015-03-23
1907,AL1506,2015-03-24,2015-04-23
1908,AL1507,2015-04-24,2015-05-27
1909,AL1508,2015-05-28,2015-06-25
1910,AL1509,2015-06-26,2015-07-21
1911,AL1510,2015-07-22,2015-08-28
1912,AL1511,2015-08-31,2015-09-21
1913,AL1512,2015-09-22,2015-10-22
1914,AL1601,2015-10-23,2015-11-23
1915,AL1602,2015-11-24,2015-12-17
1916,AL1603,2015-12-18,2016-01-28
1917,AL1604,2016-01-29,2016-02-29
1918,AL1605,2016-03-01,2016-03-31
1919,AL1606,2016-04-01,2016-04-28
1920,AL1607,2016-04-29,2016-06-02
1921,AL1608,2016-06-03,2016-07-04
1922,AL1609,2016-07-05,2016-08-02
1923,AL1610,2016-08-03,2016-09-02
1924,AL1611,2016-09-05,2016-09-29
1925,AL1612,2016-09-30,2016-11-03
1926,AL1701,2016-11-04,2016-11-23
1927,AL1702,2016-11-24,2017-01-03
1928,AL1703,2017-01-04,2017-02-08
1929,AL1704,2017-02-09,2017-03-06
1930,AL1705,2017-03-07,2017-04-12
1931,AL1706,2017-04-13,2017-05-09
1932,AL1707,2017-05-10,2017-06-08
1933,AL1708,2017-06-09,2017-07-06
1934,AL1709,2017-07-07,2017-08-03
1935,AL1710,2017-08-04,2017-08-25
1936,AL1711,2017-08-28,2017-09-27
1937,AL1712,2017-09-28,2017-10-30
1938,AL1801,2017-10-31,2017-12-01
1939,AL1802,2017-12-04,2018-01-02
1940,AL1803,2018-01-03,2018-02-06
1941,AL1804,2018-02-07,2018-03-01
1942,AL1805,2018-03-02,2018-04-09
1943,AL1806,2018-04-10,2018-05-02
1944,AL1807,2018-05-03,2018-06-07
1945,AL1808,2018-06-08,2018-07-03
1946,AL1809,2018-07-04,2018-08-08
1947,AL1810,2018-08-09,2018-09-04
1948,AL1811,2018-09-05,2018-10-11
1949,AL1812,2018-10-12,2018-11-02
1950,AL1901,2018-11-05,2018-12-07
1951,AL1902,2018-12-10,2019-01-04
1952,AL1903,2019-01-07,2019-02-19
1953,AL1905,2019-02-20,2019-04-17
1954,AL1906,2019-04-18,2019-05-16
1955,AL1907,2019-05-17,2019-06-12
1956,AL1908,2019-06-13,
