,trade_date,Close_to_Close_Vol,EWMA_Vol,Parkinson_Vol,Garman_Klass_Vol,Rogers_Satchell_Vol,Yang_Zhang_Vol
0,2014-01-02,0.07977417,0.0778138,,,,
1,2014-01-03,0.08518193,0.08612168,,,,
2,2014-01-06,0.08859794,0.08765724,,,,
3,2014-01-07,0.08901047,0.08566747,,,,
4,2014-01-08,0.08906522,0.08280685,,,,
5,2014-01-09,0.09724385,0.09183973,,,,
6,2014-01-10,0.09646312,0.08905475,,,,
7,2014-01-13,0.09707903,0.08706414,,,,
8,2014-01-14,0.0959153,0.0847747,,,,
9,2014-01-15,0.09523477,0.08242469,,,,
10,2014-01-16,0.09351903,0.07991829,,,,
11,2014-01-17,0.07626326,0.07777571,,,,
12,2014-01-20,0.07713627,0.07658168,,,,
13,2014-01-21,0.0814516,0.08226947,,,,
14,2014-01-22,0.07946079,0.08174731,0.09907085,,0.10785359,
15,2014-01-23,0.080766,0.08195953,0.09399489,0.09853277,0.10481929,0.11317083
16,2014-01-24,0.0810457,0.07963776,,,,
17,2014-01-27,0.07914156,0.07713184,,,,
18,2014-01-28,0.07733337,0.07531967,,,,
19,2014-01-29,0.07829152,0.07402132,,,,
20,2014-01-30,0.07749518,0.07200998,,,,
21,2014-02-07,0.07585466,0.06973336,,,,
22,2014-02-10,0.07296331,0.06757862,,,,
23,2014-02-11,0.06701538,0.06797799,,,,
24,2014-02-12,0.06391043,0.06582771,,,,
25,2014-02-13,0.06242541,0.06381191,,,,
26,2014-02-14,0.06250203,0.06220545,,,,
27,2014-02-17,0.05192725,0.06084381,,,,
28,2014-02-18,0.05250797,0.06061054,,,,
29,2014-02-19,0.05847612,0.06634763,,,,
30,2014-02-20,0.06099994,0.06905123,,,,
31,2014-02-21,0.06098517,0.0669475,,,,
32,2014-02-24,0.06522717,0.07189613,,,,
33,2014-02-25,0.06511269,0.06977829,,,,
34,2014-02-26,0.06308928,0.06773275,,,,
35,2014-02-27,0.05724076,0.06575687,,,,
36,2014-02-28,0.0540019,0.06372265,,,,
37,2014-03-03,0.0544277,0.06578115,,,,
38,2014-03-04,0.05468174,0.06430156,,,,
39,2014-03-05,0.05973919,0.06678387,,,,
40,2014-03-06,0.06877703,0.07743471,,,,
41,2014-03-07,0.06855747,0.07588805,,,,
42,2014-03-10,0.08245637,0.0931836,,,,
43,2014-03-11,0.09270693,0.10000603,,,,
44,2014-03-12,0.09554203,0.10188744,,,,
45,2014-03-13,0.09730983,0.10326624,,,,
46,2014-03-14,0.09773378,0.1002332,,,,
47,2014-03-17,0.09777698,0.0971392,,,,
48,2014-03-18,0.10008363,0.09597796,,,,
49,2014-03-19,0.10010334,0.09340566,,,,
50,2014-03-20,0.09988847,0.09052692,0.09949952,,0.10658757,
51,2014-03-21,0.09517502,0.08783087,,,,
52,2014-03-24,0.09349655,0.08530559,,,,
53,2014-03-25,0.09397807,0.08310868,,,,
54,2014-03-26,0.09114604,0.08074042,,,,
55,2014-03-27,0.09145596,0.07906824,,,,
56,2014-03-28,0.09379905,0.07953068,,,,
57,2014-03-31,0.09453609,0.07893246,,,,
58,2014-04-01,0.09466021,0.07697065,,,,
59,2014-04-02,0.09300391,0.07471711,,,,
60,2014-04-03,0.09253426,0.07263577,,,,
61,2014-04-04,0.08969363,0.07062544,,,,
62,2014-04-08,0.08281087,0.06868337,,,,
63,2014-04-09,0.08210146,0.06662544,,,,
64,2014-04-10,0.06639731,0.06612464,,,,
65,2014-04-11,0.05798678,0.06801227,,,,
66,2014-04-14,0.05124283,0.06615924,,,,
67,2014-04-15,0.0434508,0.06426119,,,,
68,2014-04-16,0.0435459,0.06242632,,,,
69,2014-04-17,0.04525468,0.06248994,,,,
70,2014-04-18,0.04268328,0.06071307,,,,
71,2014-04-21,0.04249529,0.05926608,,,,
72,2014-04-22,0.0442948,0.05950076,0.05585803,,0.06352848,
73,2014-04-23,0.04733221,0.06139707,0.055615,0.05849723,0.06118961,0.0714782
74,2014-04-24,0.04700507,0.05957124,0.05526304,0.058094,0.06162989,0.07189412
75,2014-04-25,0.04681304,0.05775285,0.05739937,0.06106596,0.0640447,0.07319612
76,2014-04-28,0.0473557,0.05641186,0.05733453,0.06094097,0.06387562,0.07295958
77,2014-04-29,0.0470477,0.05555333,0.05753323,0.06127574,0.06405244,0.07330201
78,2014-04-30,0.04356686,0.05384201,0.0556501,0.05991809,0.06331727,0.07255999
79,2014-05-05,0.0405136,0.05225936,0.05364051,0.05802686,0.06052984,0.07013243
80,2014-05-06,0.03949814,0.05064968,0.05568137,0.06080689,0.06170884,0.07308424
81,2014-05-07,0.03912256,0.04927057,0.05371023,0.05829824,0.05764654,0.0703973
82,2014-05-08,0.03935517,0.0482688,0.05329241,0.05772169,0.05697789,0.07115282
83,2014-05-09,0.03947118,0.04686708,0.05076804,0.05454127,0.05676104,0.06768956
84,2014-05-12,0.04227512,0.04950341,0.05144879,0.05448363,0.05600543,0.06612609
85,2014-05-13,0.04233218,0.04797895,0.05528916,0.05949006,0.0587703,0.07313317
86,2014-05-14,0.0408036,0.04725769,0.05623884,0.06102528,0.05938736,0.07541149
87,2014-05-15,0.0365254,0.04582399,0.06137357,0.06863462,0.06450376,0.08546881
88,2014-05-16,0.0389716,0.04701531,,,,
89,2014-05-19,0.0431841,0.05141478,,,,
90,2014-05-20,0.0438385,0.05053282,,,,
91,2014-05-21,0.04470363,0.0513483,,,,
92,2014-05-22,0.04479634,0.05008115,,,,
93,2014-05-23,0.04656913,0.05134642,,,,
94,2014-05-26,0.04489849,0.04984358,,,,
95,2014-05-27,0.04170293,0.04928666,,,,
96,2014-05-28,0.04354175,0.04976342,,,,
97,2014-05-29,0.04394649,0.04873175,,,,
98,2014-05-30,0.04434233,0.04823172,,,,
99,2014-06-03,0.04376625,0.04707989,,,,
100,2014-06-04,0.04517152,0.04733331,,,,
101,2014-06-05,0.04511261,0.04589756,,,,
102,2014-06-06,0.04519251,0.0445719,,,,
103,2014-06-09,0.04506257,0.04328965,,,,
104,2014-06-10,0.04739349,0.04568688,,,,
105,2014-06-11,0.04746857,0.04462651,,,,
106,2014-06-12,0.04994655,0.0506797,,,,
107,2014-06-13,0.05365129,0.05457584,,,,
108,2014-06-16,0.05610918,0.05593976,,,,
109,2014-06-17,0.0565751,0.05509473,,,,
110,2014-06-18,0.05541688,0.05369137,,,,
111,2014-06-19,0.05084624,0.05211392,,,,
112,2014-06-20,0.06210645,0.06466188,,,,
113,2014-06-23,0.06051686,0.06291546,,,,
114,2014-06-24,0.06045184,0.06111977,,,,
115,2014-06-25,0.05933318,0.05981677,,,,
116,2014-06-26,0.05935856,0.05812404,,,,
117,2014-06-27,0.05861478,0.05635202,,,,
118,2014-06-30,0.05851891,0.0560215,,,,
119,2014-07-01,0.05823226,0.05436788,,,,
120,2014-07-02,0.06215013,0.05894645,,,,
121,2014-07-03,0.07518454,0.07496257,,,,
122,2014-07-04,0.0784664,0.07774163,,,,
123,2014-07-07,0.08096675,0.07857062,0.12826921,,0.16617999,
124,2014-07-08,0.08563803,0.08259188,0.12949661,0.14330298,0.1672887,0.16972378
125,2014-07-09,0.08563748,0.0800978,0.13119103,0.14542392,0.16895096,0.17139482
126,2014-07-10,0.08530358,0.07911988,0.11233101,0.12168907,0.14023691,0.14576443
127,2014-07-11,0.08513238,0.07669735,0.10274483,0.10935437,0.1251904,0.13308207
128,2014-07-14,0.08255009,0.07538074,0.10347085,0.11100782,0.12577505,0.13283975
129,2014-07-15,0.07970814,0.07327115,0.10015543,0.10743269,0.12294122,0.12985084
130,2014-07-16,0.07873608,0.07150406,0.10036325,0.10805255,0.12314851,0.13033434
131,2014-07-17,0.07864326,0.07018955,0.10058338,0.10829879,0.12360136,0.1309526
132,2014-07-18,0.07914706,0.0687212,0.0993331,0.10660107,0.12116542,0.12886363
133,2014-07-21,0.07910495,0.06662066,0.08046483,0.08162428,0.09287409,0.10640843
134,2014-07-22,0.072729,0.06743168,0.07915461,0.08206876,0.09187486,0.10462113
135,2014-07-23,0.0729336,0.06588133,0.08028368,0.08350901,0.09583628,0.10751534
136,2014-07-24,0.07287977,0.06391343,0.07737052,0.07962309,0.09276489,0.10344618
137,2014-07-25,0.14703465,0.16034999,0.10595867,0.08536933,0.09277942,0.11594752
138,2014-07-28,0.18676588,0.20920998,,,,
139,2014-07-29,0.1867713,0.20277507,,,,
140,2014-07-30,0.21771749,0.22904847,,,,
141,2014-07-31,0.21805378,0.22209607,,,,
142,2014-08-01,0.21788836,0.21671376,,,,
143,2014-08-04,0.21502529,0.21085508,,,,
144,2014-08-05,0.21290923,0.20507793,,,,
145,2014-08-06,0.21885738,0.20671829,,,,
146,2014-08-07,0.21774945,0.20071245,,,,
147,2014-08-08,0.2177457,0.19455322,,,,
148,2014-08-11,0.21727315,0.18873375,,,,
149,2014-08-12,0.21758141,0.18430876,,,,
150,2014-08-13,0.22053318,0.18194253,,,,
151,2014-08-14,0.22411765,0.18117638,,,,
152,2014-08-15,0.22405415,0.17572983,,,,
153,2014-08-18,0.22413346,0.17045539,,,,
154,2014-08-19,0.22404412,0.16587542,,,,
155,2014-08-20,0.22408655,0.16122582,,,,
156,2014-08-21,0.22393323,0.15708993,,,,
157,2014-08-22,0.22394872,0.15254238,,,,
158,2014-08-25,0.22745875,0.15358791,,,,
159,2014-08-26,0.1876453,0.15151368,0.14950263,,0.14927794,
160,2014-08-27,0.13604411,0.14687504,0.13131844,0.12869469,0.14194543,0.17665994
161,2014-08-28,0.13603504,0.14377425,0.12844302,0.1241356,0.13678769,0.16806265
162,2014-08-29,0.09500341,0.14000122,0.1146339,0.12129484,0.12570039,0.15180475
163,2014-09-01,0.09644107,0.13787047,0.11020601,0.1147701,0.12206477,0.14395248
164,2014-09-02,0.09828963,0.13583841,0.11367876,0.11941229,0.12134898,0.14389951
165,2014-09-03,0.09746057,0.1336602,0.11370024,0.11921022,0.12098549,0.14416804
166,2014-09-04,0.09646211,0.13000134,0.11289866,0.11836217,0.12043495,0.13760434
167,2014-09-05,0.08480368,0.12600032,0.11238903,0.12159185,0.12202725,0.13532438
168,2014-09-09,0.09852409,0.1379972,0.11296929,0.11752007,0.12115544,0.13764558
169,2014-09-10,0.11935803,0.15847837,0.11878757,0.11657097,0.12232301,0.1458535
170,2014-09-11,0.11933609,0.15391807,0.12356843,0.12322827,0.1288035,0.15305965
171,2014-09-12,0.12338732,0.15393258,0.12215495,0.12014019,0.12391363,0.14947582
172,2014-09-15,0.12144864,0.14985179,0.1201806,0.11857006,0.12359199,0.1489838
173,2014-09-16,0.11807101,0.14524662,0.11454391,0.11280397,0.11778753,0.14207364
174,2014-09-17,0.11830232,0.1407834,0.11494124,0.1134185,0.11807621,0.14130719
175,2014-09-18,0.11853774,0.13731439,,,,
176,2014-09-19,0.11701359,0.13398056,,,,
177,2014-09-22,0.12132777,0.14002455,,,,
178,2014-09-23,0.12055439,0.13619168,,,,
179,2014-09-24,0.12063467,0.13237345,,,,
180,2014-09-25,0.11756501,0.12849536,,,,
181,2014-09-26,0.11250609,0.12461366,,,,
182,2014-09-29,0.11234973,0.12091243,,,,
183,2014-09-30,0.12383876,0.12722217,,,,
184,2014-10-08,0.12412905,0.12333871,,,,
185,2014-10-09,0.12406597,0.11994549,,,,
186,2014-10-10,0.12399923,0.12275942,,,,
187,2014-10-13,0.12374135,0.11901493,,,,
188,2014-10-14,0.12262305,0.1154301,,,,
189,2014-10-15,0.12407503,0.11655915,,,,
190,2014-10-16,0.12233835,0.12744311,,,,
191,2014-10-17,0.10168104,0.12352935,,,,
192,2014-10-20,0.11382142,0.13105152,,,,
193,2014-10-21,0.10814847,0.12837655,,,,
194,2014-10-22,0.10857009,0.12472305,,,,
195,2014-10-23,0.10872807,0.12096091,,,,
196,2014-10-24,0.10879889,0.11727303,,,,
197,2014-10-27,0.10862611,0.11439305,,,,
198,2014-10-28,0.10816812,0.11095603,,,,
199,2014-10-29,0.10109916,0.10995662,,,,
200,2014-10-30,0.10055896,0.10665872,,,,
201,2014-10-31,0.10030074,0.1038576,,,,
202,2014-11-03,0.10722944,0.11067112,,,,
203,2014-11-04,0.1100118,0.11002819,,,,
204,2014-11-05,0.11950267,0.12065632,,,,
205,2014-11-06,0.11027808,0.11767391,,,,
206,2014-11-07,0.11078883,0.11438418,,,,
207,2014-11-10,0.11139125,0.11180383,,,,
208,2014-11-11,0.10720276,0.10844952,,,,
209,2014-11-12,0.10720613,0.10515158,,,,
210,2014-11-13,0.10721488,0.10195639,,,,
211,2014-11-14,0.10499089,0.10059855,,,,
212,2014-11-17,0.09327181,0.09857515,,,,
213,2014-11-18,0.09371137,0.09607559,,,,
214,2014-11-19,0.08033393,0.09321951,,,,
215,2014-11-20,0.07917495,0.09045442,,,,
216,2014-11-21,0.07904375,0.08796654,,,,
217,2014-11-24,0.0803343,0.08671447,,,,
218,2014-11-25,0.0805851,0.08435108,,,,
219,2014-11-26,0.0805874,0.08276902,,,,
220,2014-11-27,0.08064209,0.08033739,,,,
221,2014-11-28,0.07842521,0.07893333,,,,
222,2014-12-01,0.08623595,0.08798333,0.09027585,,0.09890598,
223,2014-12-02,0.08946803,0.08877595,0.09093408,0.0920778,0.09894295,0.10490963
224,2014-12-03,0.08363567,0.0903615,0.0832264,0.08372352,0.09402816,0.10060816
225,2014-12-04,0.08059023,0.0877741,0.08150006,0.08233771,0.08958084,0.09778709
226,2014-12-05,0.06671423,0.08784453,0.07683079,0.08086189,0.08477381,0.09024052
227,2014-12-08,0.06563084,0.08519127,0.07494832,0.07867509,0.08229617,0.08823657
228,2014-12-09,0.06501361,0.08258231,0.07484318,0.07867199,0.08199192,0.08820054
229,2014-12-10,0.06348884,0.08037506,0.07474683,0.07883158,0.08246033,0.08818038
230,2014-12-11,0.0645531,0.0795598,0.0813614,0.08703847,0.09284597,0.09699869
231,2014-12-12,0.07407307,0.08973816,0.08483842,0.08814117,0.09647249,0.10409143
232,2014-12-15,0.07409549,0.08742915,,,,
233,2014-12-16,0.08314429,0.09876508,,,,
234,2014-12-17,0.13490849,0.16378931,,,,
235,2014-12-18,0.16043637,0.19798908,,,,
236,2014-12-19,0.1856565,0.21139437,,,,
237,2014-12-22,0.18481803,0.20527205,,,,
238,2014-12-23,0.18384325,0.20096789,,,,
239,2014-12-24,0.19024665,0.20041567,,,,
240,2014-12-25,0.19042978,0.19917212,,,,
241,2014-12-26,0.19096188,0.19646865,,,,
242,2014-12-29,0.19237343,0.19108677,,,,
243,2014-12-30,0.1925852,0.18793579,,,,
244,2014-12-31,0.20294657,0.19141926,,,,
245,2015-01-05,0.2005661,0.18558838,,,,
246,2015-01-06,0.20087551,0.17988349,,,,
247,2015-01-07,0.20006138,0.1746036,,,,
248,2015-01-08,0.20087039,0.1693474,,,,
249,2015-01-09,0.2006871,0.16413545,,,,
250,2015-01-12,0.20038535,0.16040452,,,,
251,2015-01-13,0.20276508,0.1641344,,,,
252,2015-01-14,0.22514585,0.20582863,,,,
253,2015-01-15,0.25592586,0.2333013,,,,
254,2015-01-16,0.25690533,0.22640082,,,,
255,2015-01-19,0.27367834,0.24238439,,,,
256,2015-01-20,0.24954817,0.23609892,,,,
257,2015-01-21,0.22728285,0.23056417,,,,
258,2015-01-22,0.21567894,0.22562244,,,,
259,2015-01-23,0.21781981,0.22158794,,,,
260,2015-01-26,0.21658572,0.21513313,,,,
261,2015-01-27,0.21270101,0.20865909,,,,
262,2015-01-28,0.20982212,0.20358712,,,,
263,2015-01-29,0.20740639,0.19781926,,,,
264,2015-01-30,0.20925565,0.19427784,,,,
265,2015-02-02,0.21047645,0.19406007,,,,
266,2015-02-03,0.20481546,0.18824988,,,,
267,2015-02-04,0.20515186,0.18278425,,,,
268,2015-02-05,0.20520976,0.17733128,,,,
269,2015-02-06,0.20557462,0.17325247,,,,
270,2015-02-09,0.20647688,0.1689575,,,,
271,2015-02-10,0.20646526,0.16376498,,,,
272,2015-02-11,0.20707106,0.16094186,,,,
273,2015-02-12,0.20461959,0.16090788,,,,
274,2015-02-13,0.17625719,0.17605139,,,,
275,2015-02-16,0.14757077,0.17120765,,,,
276,2015-02-17,0.14782188,0.16600449,,,,
277,2015-02-25,0.13354322,0.1751995,,,,
278,2015-02-26,0.13231259,0.17007586,,,,
279,2015-02-27,0.1295868,0.16491088,,,,
280,2015-03-02,0.12617614,0.16048189,,,,
281,2015-03-03,0.12320632,0.1559475,,,,
282,2015-03-04,0.12521249,0.15304447,,,,
283,2015-03-05,0.12490767,0.14833427,,,,
284,2015-03-06,0.12351096,0.14433658,,,,
285,2015-03-09,0.12310277,0.13990347,,,,
286,2015-03-10,0.12072189,0.13605598,,,,
287,2015-03-11,0.1135411,0.13303147,,,,
288,2015-03-12,0.12159042,0.13746999,,,,
289,2015-03-13,0.12137578,0.13338908,,,,
290,2015-03-16,0.12237536,0.13117825,,,,
291,2015-03-17,0.12365879,0.13235152,,,,
292,2015-03-18,0.12440907,0.13084407,,,,
293,2015-03-19,0.12641752,0.128538,,,,
294,2015-03-20,0.12631031,0.12722882,,,,
295,2015-03-23,0.14412482,0.14969918,,,,
296,2015-03-24,0.13104064,0.15211085,,,,
297,2015-03-25,0.13048841,0.14742939,,,,
298,2015-03-26,0.13048409,0.14296908,,,,
299,2015-03-27,0.11629837,0.14029753,,,,
300,2015-03-30,0.11591071,0.13601603,,,,
301,2015-03-31,0.11621904,0.13216844,,,,
302,2015-04-01,0.11674915,0.13055871,,,,
303,2015-04-02,0.11650188,0.12793028,,,,
304,2015-04-03,0.12168523,0.13358511,,,,
305,2015-04-07,0.12153904,0.12980384,,,,
306,2015-04-08,0.12175089,0.1258466,,,,
307,2015-04-09,0.12482388,0.12832186,,,,
308,2015-04-10,0.16782213,0.18568297,,,,
309,2015-04-13,0.16533295,0.18056748,,,,
310,2015-04-14,0.19879168,0.21087574,,,,
311,2015-04-15,0.20679302,0.21818118,,,,
312,2015-04-16,0.20511888,0.21394608,,,,
313,2015-04-17,0.20559647,0.21977951,,,,
314,2015-04-20,0.20185274,0.21313743,,,,
315,2015-04-21,0.20589747,0.20820951,,,,
316,2015-04-22,0.20665885,0.21420793,,,,
317,2015-04-23,0.21295308,0.21831002,,,,
318,2015-04-24,0.21159327,0.21159614,,,,
319,2015-04-27,0.2174238,0.21822269,,,,
320,2015-04-28,0.2179805,0.21154951,,,,
321,2015-04-29,0.21589949,0.20505846,,,,
322,2015-04-30,0.21504474,0.19947651,,,,
323,2015-05-04,0.21353242,0.19500148,0.20027486,,0.20367319,
324,2015-05-05,0.21671074,0.19034504,0.21228377,0.2073407,0.22137737,0.25489752
325,2015-05-06,0.21683244,0.18642459,0.20667882,0.19907024,0.21222972,0.24776442
326,2015-05-07,0.23823397,0.20706977,0.21267398,0.20215389,0.21644309,0.25190045
327,2015-05-08,0.23836678,0.20186379,,,,
328,2015-05-11,0.23955781,0.19655018,,,,
329,2015-05-12,0.24407485,0.19721263,,,,
330,2015-05-13,0.22607267,0.21002922,,,,
331,2015-05-14,0.22695185,0.2045589,,,,
332,2015-05-15,0.20619636,0.20580026,,,,
333,2015-05-18,0.19649083,0.20000006,,,,
334,2015-05-19,0.19589826,0.19508017,,,,
335,2015-05-20,0.18866303,0.19451905,,,,
336,2015-05-21,0.19031279,0.19039884,,,,
337,2015-05-22,0.19150745,0.18733767,,,,
338,2015-05-25,0.18139006,0.18416373,,,,
339,2015-05-26,0.17241826,0.17864774,,,,
340,2015-05-27,0.17327659,0.17404747,,,,
341,2015-05-28,0.15965628,0.16920573,,,,
342,2015-05-29,0.16079421,0.1649313,,,,
343,2015-06-01,0.16354445,0.16432285,,,,
344,2015-06-02,0.16269195,0.16041496,,,,
345,2015-06-03,0.16161368,0.1591998,,,,
346,2015-06-04,0.1670013,0.15981595,,,,
347,2015-06-05,0.16576906,0.15861853,,,,
348,2015-06-08,0.14349002,0.1537657,,,,
349,2015-06-09,0.14232883,0.14950796,,,,
350,2015-06-10,0.1436451,0.14660107,,,,
351,2015-06-11,0.13771145,0.14319603,,,,
352,2015-06-12,0.13789642,0.17060148,,,,
353,2015-06-15,0.13780149,0.16636196,,,,
354,2015-06-16,0.13157914,0.16142354,,,,
355,2015-06-17,0.13005401,0.15706455,,,,
356,2015-06-18,0.15289207,0.17444687,,,,
357,2015-06-19,0.14896488,0.17021145,,,,
358,2015-06-23,0.15343448,0.17184202,,,,
359,2015-06-24,0.15561342,0.17203608,,,,
360,2015-06-25,0.15505012,0.16886367,,,,
361,2015-06-26,0.15516401,0.1639984,,,,
362,2015-06-29,0.16970787,0.17998624,,,,
363,2015-06-30,0.16878845,0.17461359,,,,
364,2015-07-01,0.16729234,0.16941212,,,,
365,2015-07-02,0.18918281,0.19210164,,,,
366,2015-07-03,0.1920599,0.19120259,0.16573587,,0.16710527,
367,2015-07-06,0.1997842,0.19920572,0.16853311,0.15652851,0.16858938,0.19879052
368,2015-07-07,0.19526311,0.19322796,0.16949745,0.15949251,0.17021989,0.20191965
369,2015-07-08,0.22218009,0.22885594,0.18234228,0.16440369,0.17362883,0.21254551
370,2015-07-09,0.29243887,0.30392606,0.21587371,0.1817544,0.21204207,0.25135727
371,2015-07-10,0.29358115,0.29613559,,,,
372,2015-07-13,0.29323716,0.28780694,,,,
373,2015-07-14,0.31294203,0.30539609,,,,
374,2015-07-15,0.30001677,0.29682644,,,,
375,2015-07-16,0.29919858,0.28770637,,,,
376,2015-07-17,0.30004669,0.27974069,,,,
377,2015-07-20,0.29957034,0.2711353,,,,
378,2015-07-21,0.29121613,0.26282876,,,,
379,2015-07-22,0.29999878,0.26767776,,,,
380,2015-07-23,0.29859601,0.2618202,,,,
381,2015-07-24,0.30020192,0.26074198,,,,
382,2015-07-27,0.30016839,0.25339608,,,,
383,2015-07-28,0.30009509,0.2455974,,,,
384,2015-07-29,0.30907784,0.26788074,,,,
385,2015-07-30,0.30880126,0.25967489,,,,
386,2015-07-31,0.31027158,0.2534584,,,,
387,2015-08-03,0.3013999,0.24980989,,,,
388,2015-08-04,0.2987968,0.24212635,,,,
389,2015-08-05,0.29115674,0.23550095,,,,
390,2015-08-06,0.29100809,0.22827307,,,,
391,2015-08-07,0.26573944,0.22376059,,,,
392,2015-08-10,0.2078206,0.23067334,,,,
393,2015-08-11,0.21150042,0.23058886,,,,
394,2015-08-12,0.21008391,0.22349697,,,,
395,2015-08-13,0.1863083,0.22260038,,,,
396,2015-08-14,0.1940339,0.22477855,,,,
397,2015-08-17,0.1978898,0.22287972,,,,
398,2015-08-18,0.20220865,0.22172934,,,,
399,2015-08-19,0.20318352,0.21653826,,,,
400,2015-08-20,0.20358826,0.21102206,0.17267999,,0.16784541,
401,2015-08-21,0.19406672,0.21020623,0.2063969,0.21180826,0.216728,0.24037386
402,2015-08-24,0.19750676,0.20889658,0.21383232,0.22121708,0.23048054,0.25501259
403,2015-08-25,0.18985521,0.20424133,0.22481844,0.23758995,0.24536963,0.26671527
404,2015-08-26,0.18989161,0.19889274,0.22706355,0.24051448,0.24986942,0.27256377
405,2015-08-27,0.19240651,0.19776071,0.22992379,0.24309401,0.25080923,0.27348442
406,2015-08-28,0.1628738,0.19247332,0.22548605,0.24612615,0.25628778,0.27479953
407,2015-08-31,0.16429155,0.18766683,0.2259129,0.24643436,0.25519881,0.27166008
408,2015-09-01,0.16169963,0.18194421,0.22682769,0.24810938,0.25661097,0.27342051
409,2015-09-02,0.15903768,0.18240567,0.22552824,0.24639284,0.25564639,0.27233225
410,2015-09-07,0.15932496,0.17684534,0.22467999,0.24530637,0.25251374,0.27188041
411,2015-09-08,0.16754941,0.17947244,,,,
412,2015-09-09,0.17305402,0.18278585,,,,
413,2015-09-10,0.16958368,0.17910429,,,,
414,2015-09-11,0.15823655,0.17364714,,,,
415,2015-09-14,0.15767472,0.17434103,,,,
416,2015-09-15,0.15804067,0.16929175,,,,
417,2015-09-16,0.15441948,0.16754416,,,,
418,2015-09-17,0.14316303,0.16244722,,,,
419,2015-09-18,0.13778577,0.15750901,,,,
420,2015-09-21,0.13828909,0.16117294,,,,
421,2015-09-22,0.13641891,0.15624089,,,,
422,2015-09-23,0.13565481,0.15215837,,,,
423,2015-09-24,0.13059248,0.15040271,,,,
424,2015-09-25,0.12271203,0.14578123,,,,
425,2015-09-28,0.13009823,0.14998486,,,,
426,2015-09-29,0.12917352,0.14543744,,,,
427,2015-09-30,0.16830703,0.19287504,,,,
428,2015-10-08,0.17851534,0.19800533,,,,
429,2015-10-09,0.18317862,0.19968827,,,,
430,2015-10-12,0.18424332,0.19587932,,,,
431,2015-10-13,0.18171864,0.19076457,,,,
432,2015-10-14,0.18190199,0.18509509,,,,
433,2015-10-15,0.17599687,0.18053528,,,,
434,2015-10-16,0.17189085,0.17737893,,,,
435,2015-10-19,0.17187502,0.17390171,,,,
436,2015-10-20,0.17225016,0.16905548,,,,
437,2015-10-21,0.17964833,0.17954354,,,,
438,2015-10-22,0.17961232,0.17424437,,,,
439,2015-10-23,0.17764547,0.1696598,,,,
440,2015-10-26,0.17777298,0.16476183,,,,
441,2015-10-27,0.17953402,0.16211859,,,,
442,2015-10-28,0.17415311,0.15811499,,,,
443,2015-10-29,0.17554938,0.15576414,,,,
444,2015-10-30,0.17953547,0.15687436,,,,
445,2015-11-02,0.18242353,0.15977297,,,,
446,2015-11-03,0.18250164,0.15492068,,,,
447,2015-11-04,0.18087123,0.15543033,,,,
448,2015-11-05,0.18693145,0.15991072,,,,
449,2015-11-06,0.14296955,0.15501819,,,,
450,2015-11-09,0.13326666,0.15099601,,,,
451,2015-11-10,0.12374539,0.15042159,0.17171839,,0.19208308,
452,2015-11-11,0.11991594,0.14932302,,,,
453,2015-11-12,0.12059195,0.14480131,,,,
454,2015-11-13,0.12103291,0.1422485,,,,
455,2015-11-16,0.12289464,0.14285221,,,,
456,2015-11-17,0.13187206,0.15492204,,,,
457,2015-11-18,0.12775397,0.15423006,,,,
458,2015-11-19,0.13336994,0.16167611,,,,
459,2015-11-20,0.16166389,0.18762377,,,,
460,2015-11-23,0.1765289,0.20594134,,,,
461,2015-11-24,0.2277019,0.25086502,,,,
462,2015-11-25,0.23088825,0.2455605,,,,
463,2015-11-26,0.24055408,0.25014638,,,,
464,2015-11-27,0.24578553,0.25089937,,,,
465,2015-11-30,0.24560597,0.24459193,,,,
466,2015-12-01,0.24486067,0.23818023,,,,
467,2015-12-02,0.24170156,0.2309765,,,,
468,2015-12-03,0.24260096,0.22556259,,,,
469,2015-12-04,0.24870878,0.23030196,,,,
470,2015-12-07,0.2509499,0.232937,,,,
471,2015-12-08,0.25261425,0.22776974,,,,
472,2015-12-09,0.25367748,0.22345987,,,,
473,2015-12-10,0.25486863,0.22095026,,,,
474,2015-12-11,0.25768862,0.22326821,,,,
475,2015-12-14,0.25770932,0.21641731,,,,
476,2015-12-15,0.25876772,0.2123257,,,,
477,2015-12-16,0.25736304,0.20738175,,,,
478,2015-12-17,0.24986827,0.20284862,,,,
479,2015-12-18,0.24683806,0.19662925,,,,
480,2015-12-21,0.24381456,0.20554523,,,,
481,2015-12-22,0.23290664,0.2001699,,,,
482,2015-12-23,0.21109686,0.19567289,,,,
483,2015-12-24,0.17369083,0.19012774,,,,
484,2015-12-25,0.17323885,0.18667752,,,,
485,2015-12-28,0.17088476,0.18922154,,,,
486,2015-12-29,0.15925021,0.18379303,,,,
487,2015-12-30,0.15863951,0.17904325,,,,
488,2015-12-31,0.15963459,0.17660119,,,,
489,2016-01-04,0.16015255,0.17132698,,,,
490,2016-01-05,0.16039641,0.17225817,0.16266903,,0.17266686,
491,2016-01-06,0.15243908,0.16861318,0.15933547,0.16253221,0.17252573,0.18614917
492,2016-01-07,0.17068808,0.19499576,0.16786818,0.16820705,0.17732869,0.18911843
493,2016-01-08,0.17071497,0.19116889,0.1735988,0.17615295,0.18066683,0.19636453
494,2016-01-11,0.17528747,0.19452812,0.1711496,0.17085017,0.17717531,0.19444236
495,2016-01-12,0.17574422,0.19411743,0.16877238,0.16734692,0.17834426,0.20031933
496,2016-01-13,0.17201036,0.19454267,,,,
497,2016-01-14,0.17559796,0.19209526,,,,
498,2016-01-15,0.18535119,0.20142826,,,,
499,2016-01-18,0.20281277,0.2164992,,,,
500,2016-01-19,0.20289145,0.21221791,,,,
501,2016-01-20,0.20593595,0.20912656,,,,
502,2016-01-21,0.19564397,0.20474801,,,,
503,2016-01-22,0.19522616,0.19854066,,,,
504,2016-01-25,0.19374654,0.19248475,,,,
505,2016-01-26,0.19599666,0.18952935,,,,
506,2016-01-27,0.20925679,0.20378533,,,,
507,2016-01-28,0.20390137,0.19860105,,,,
508,2016-01-29,0.21939343,0.21550286,,,,
509,2016-02-01,0.2224214,0.21487104,,,,
510,2016-02-02,0.22134757,0.20843462,,,,
511,2016-02-03,0.22152247,0.20382178,,,,
512,2016-02-04,0.22689131,0.2116131,,,,
513,2016-02-05,0.23437638,0.21501212,,,,
514,2016-02-15,0.20986668,0.20908193,,,,
515,2016-02-16,0.21680092,0.20897373,,,,
516,2016-02-17,0.20995676,0.20399845,,,,
517,2016-02-18,0.20406721,0.1978525,,,,
518,2016-02-19,0.20399563,0.19791467,,,,
519,2016-02-22,0.20671367,0.20046799,,,,
520,2016-02-23,0.20671776,0.20895639,,,,
521,2016-02-24,0.19489438,0.20277605,,,,
522,2016-02-25,0.19464029,0.19679475,,,,
523,2016-02-26,0.19055602,0.19249251,,,,
524,2016-02-29,0.18703963,0.18692049,,,,
525,2016-03-01,0.18715594,0.18119029,,,,
526,2016-03-02,0.18718309,0.1770902,,,,
527,2016-03-03,0.18673166,0.17373918,,,,
528,2016-03-04,0.17404409,0.16910458,,,,
529,2016-03-07,0.17222416,0.16392427,,,,
530,2016-03-08,0.15940608,0.16445625,,,,
531,2016-03-09,0.16119812,0.16794971,,,,
532,2016-03-10,0.16126594,0.16309178,,,,
533,2016-03-11,0.16480668,0.16494348,,,,
534,2016-03-14,0.15100075,0.16128583,,,,
535,2016-03-15,0.14180348,0.15799002,,,,
536,2016-03-16,0.14225692,0.15530556,,,,
537,2016-03-17,0.14161957,0.15738662,,,,
538,2016-03-18,0.14061057,0.15335246,,,,
539,2016-03-21,0.14076477,0.14897201,,,,
540,2016-03-22,0.13392506,0.14439431,,,,
541,2016-03-23,0.12272328,0.14021611,,,,
542,2016-03-24,0.10412116,0.1366641,,,,
543,2016-03-25,0.10396893,0.13258392,,,,
544,2016-03-28,0.10397729,0.128899,,,,
545,2016-03-29,0.10151496,0.12513936,,,,
546,2016-03-30,0.1188353,0.14220989,,,,
547,2016-03-31,0.11899043,0.13878176,,,,
548,2016-04-01,0.12259113,0.13982563,,,,
549,2016-04-05,0.1227594,0.14162786,,,,
550,2016-04-06,0.12106674,0.13841343,,,,
551,2016-04-07,0.12328768,0.13532427,,,,
552,2016-04-08,0.12821495,0.14466236,0.14520643,,0.15147583,
553,2016-04-11,0.12935038,0.14630283,0.14379726,0.14936925,0.15253208,0.1617072
554,2016-04-12,0.13001606,0.14459695,0.14252844,0.14698577,0.14852883,0.15655495
555,2016-04-13,0.15044032,0.16904822,0.14820193,0.14814029,0.15044804,0.1608358
556,2016-04-14,0.14978484,0.16385197,0.14997451,0.15102857,0.15312194,0.16501217
557,2016-04-15,0.15034549,0.16124324,,,,
558,2016-04-18,0.14923376,0.15672632,,,,
559,2016-04-19,0.14314276,0.15236122,,,,
560,2016-04-20,0.15246531,0.15831726,,,,
561,2016-04-21,0.15228578,0.15347233,,,,
562,2016-04-22,0.15327431,0.15034802,,,,
563,2016-04-25,0.15398719,0.14660207,,,,
564,2016-04-26,0.17866593,0.17743263,,,,
565,2016-04-27,0.17917056,0.17249652,,,,
566,2016-04-28,0.17875096,0.16772729,,,,
567,2016-04-29,0.1853871,0.17024101,,,,
568,2016-05-03,0.17737835,0.16970437,,,,
569,2016-05-04,0.19399559,0.18759862,,,,
570,2016-05-05,0.1905776,0.18192364,,,,
571,2016-05-06,0.19204522,0.18321279,,,,
572,2016-05-09,0.19315848,0.17921639,,,,
573,2016-05-10,0.19231774,0.17370071,,,,
574,2016-05-11,0.18912249,0.17424926,,,,
575,2016-05-12,0.18574411,0.16912319,,,,
576,2016-05-13,0.19180465,0.17514168,,,,
577,2016-05-16,0.1706371,0.16975818,,,,
578,2016-05-17,0.17373295,0.16756508,,,,
579,2016-05-18,0.17495887,0.16674944,,,,
580,2016-05-19,0.17501591,0.16164598,,,,
581,2016-05-20,0.17498848,0.15832751,,,,
582,2016-05-23,0.16638116,0.15679711,,,,
583,2016-05-24,0.16628331,0.15275262,,,,
584,2016-05-25,0.16641898,0.14808368,,,,
585,2016-05-26,0.16694262,0.1449169,,,,
586,2016-05-27,0.14496037,0.14313582,,,,
587,2016-05-30,0.14498526,0.13940632,,,,
588,2016-05-31,0.14542636,0.13656147,,,,
589,2016-06-01,0.13899788,0.13698832,,,,
590,2016-06-02,0.14477392,0.14495638,,,,
591,2016-06-03,0.1253429,0.14315085,,,,
592,2016-06-06,0.12585897,0.13904799,,,,
593,2016-06-07,0.11927238,0.13563383,,,,
594,2016-06-08,0.1170062,0.13178152,0.13898139,,0.14851551,
595,2016-06-13,0.12410817,0.13518926,0.13946123,0.14584197,0.14609904,0.15673079
596,2016-06-14,0.12120567,0.13736106,0.13885273,0.14535391,0.14584533,0.15556442
597,2016-06-15,0.12358219,0.13509085,,,,
598,2016-06-16,0.11205448,0.1311548,,,,
599,2016-06-17,0.11355396,0.12864898,,,,
600,2016-06-20,0.11142133,0.12704813,,,,
601,2016-06-21,0.10750926,0.12374138,,,,
602,2016-06-22,0.10805212,0.12054848,,,,
603,2016-06-23,0.10644928,0.11719391,,,,
604,2016-06-24,0.10679685,0.11845947,,,,
605,2016-06-27,0.11027521,0.120526,,,,
606,2016-06-28,0.1108149,0.11779864,,,,
607,2016-06-29,0.10998224,0.11466334,,,,
608,2016-06-30,0.12368091,0.13233517,,,,
609,2016-07-01,0.12472508,0.13070147,,,,
610,2016-07-04,0.12901721,0.13720057,,,,
611,2016-07-05,0.154188,0.16468757,,,,
612,2016-07-06,0.15178816,0.1650412,,,,
613,2016-07-07,0.15032862,0.16067223,,,,
614,2016-07-08,0.15027049,0.15590776,,,,
615,2016-07-11,0.15249408,0.1556408,,,,
616,2016-07-12,0.15203825,0.15103276,,,,
617,2016-07-13,0.14831059,0.14745533,,,,
618,2016-07-14,0.1426287,0.14303861,,,,
619,2016-07-15,0.14574467,0.14542888,,,,
620,2016-07-18,0.15698479,0.15384067,,,,
621,2016-07-19,0.15922428,0.15393923,,,,
622,2016-07-20,0.1573315,0.14931662,,,,
623,2016-07-21,0.15775438,0.14616335,,,,
624,2016-07-22,0.15771345,0.14167244,,,,
625,2016-07-25,0.16630311,0.15385511,,,,
626,2016-07-26,0.16505235,0.1572282,,,,
627,2016-07-27,0.16541075,0.15318533,,,,
628,2016-07-28,0.17171489,0.15453103,,,,
629,2016-07-29,0.17524558,0.1574412,,,,
630,2016-08-01,0.17680286,0.17103516,,,,
631,2016-08-02,0.18180141,0.17099654,,,,
632,2016-08-03,0.17914338,0.16788692,,,,
633,2016-08-04,0.15414284,0.16294097,,,,
634,2016-08-05,0.14830125,0.16092993,,,,
635,2016-08-08,0.14796836,0.15648763,0.17577993,,0.18366945,
636,2016-08-09,0.15677431,0.15911348,0.17859728,0.18606762,0.18654162,0.20413447
637,2016-08-10,0.154695,0.15453714,0.17835972,0.1867556,0.18529166,0.20229073
638,2016-08-11,0.15632211,0.1535742,0.18028935,0.18846645,0.18878421,0.20625172
639,2016-08-12,0.15846092,0.15055073,0.17654405,0.18333112,0.18316085,0.199698
640,2016-08-15,0.18199103,0.17466759,0.18529974,0.18799499,0.18922016,0.20914939
641,2016-08-16,0.17868234,0.17018042,0.18647432,0.19083796,0.19300473,0.21279652
642,2016-08-17,0.16927241,0.16496812,0.18110422,0.18649654,0.18877861,0.2117314
643,2016-08-18,0.18127077,0.18138387,0.18198871,0.18309965,0.18404106,0.20846158
644,2016-08-19,0.18344324,0.18077882,0.1833201,0.18356336,0.18457764,0.21318738
645,2016-08-22,0.18579554,0.17744393,0.17684812,0.17423522,0.17848355,0.20609465
646,2016-08-23,0.18575192,0.17203449,,,,
647,2016-08-24,0.17703596,0.16732807,,,,
648,2016-08-25,0.17210875,0.16218431,,,,
649,2016-08-26,0.17144097,0.15721773,,,,
650,2016-08-29,0.16733702,0.15315822,,,,
651,2016-08-30,0.1641831,0.15084319,,,,
652,2016-08-31,0.14888331,0.14637157,,,,
653,2016-09-01,0.20199239,0.21522544,,,,
654,2016-09-02,0.20001798,0.20958451,,,,
655,2016-09-05,0.20002408,0.20324578,,,,
656,2016-09-06,0.20119758,0.19883343,,,,
657,2016-09-07,0.20623907,0.1988678,,,,
658,2016-09-08,0.20306653,0.19490533,,,,
659,2016-09-09,0.20302528,0.18892701,,,,
660,2016-09-12,0.21582667,0.20255885,,,,
661,2016-09-13,0.2205551,0.20456721,,,,
662,2016-09-14,0.20148894,0.19844664,,,,
663,2016-09-19,0.2034739,0.19675365,,,,
664,2016-09-20,0.20720317,0.19835619,,,,
665,2016-09-21,0.19772592,0.19615766,,,,
666,2016-09-22,0.1967229,0.19104339,,,,
667,2016-09-23,0.19483061,0.1854027,,,,
668,2016-09-26,0.196253,0.1808333,,,,
669,2016-09-27,0.20728012,0.19393188,,,,
670,2016-09-28,0.2094956,0.18983424,,,,
671,2016-09-29,0.2219316,0.20641785,,,,
672,2016-09-30,0.23675169,0.22974705,,,,
673,2016-10-10,0.23919918,0.2370813,,,,
674,2016-10-11,0.23878701,0.23138485,,,,
675,2016-10-12,0.21493113,0.23301589,,,,
676,2016-10-13,0.2247757,0.23447565,,,,
677,2016-10-14,0.22522109,0.22881049,,,,
678,2016-10-17,0.22264887,0.22189749,,,,
679,2016-10-18,0.21574895,0.21652992,,,,
680,2016-10-19,0.21805816,0.21393492,,,,
681,2016-10-20,0.21812836,0.20735459,,,,
682,2016-10-21,0.20626069,0.21930138,,,,
683,2016-10-24,0.20479462,0.21255563,,,,
684,2016-10-25,0.23296142,0.25463099,,,,
685,2016-10-26,0.2382239,0.24906648,,,,
686,2016-10-27,0.23704666,0.24142806,,,,
687,2016-10-28,0.23791578,0.23932081,,,,
688,2016-10-31,0.23572663,0.23198264,,,,
689,2016-11-01,0.23397504,0.22662604,,,,
690,2016-11-02,0.24118387,0.22661633,,,,
691,2016-11-03,0.23849177,0.22978433,,,,
692,2016-11-04,0.2347537,0.22290992,,,,
693,2016-11-07,0.22947476,0.22596712,,,,
694,2016-11-08,0.22831465,0.23093562,,,,
695,2016-11-09,0.22012032,0.2238282,,,,
696,2016-11-10,0.25668731,0.27123684,,,,
697,2016-11-11,0.24645491,0.26312808,,,,
698,2016-11-14,0.23587576,0.25989848,,,,
699,2016-11-15,0.23587074,0.25317137,,,,
700,2016-11-16,0.24770031,0.2708758,,,,
701,2016-11-17,0.27750841,0.2865124,,,,
702,2016-11-18,0.27158758,0.27786993,,,,
703,2016-11-21,0.27544683,0.28259718,,,,
704,2016-11-22,0.30162359,0.32839483,,,,
705,2016-11-23,0.30045639,0.3186564,,,,
706,2016-11-24,0.29825209,0.33998241,,,,
707,2016-11-25,0.29244735,0.33467745,,,,
708,2016-11-28,0.35349647,0.42337528,,,,
709,2016-11-29,0.35358533,0.41242109,,,,
710,2016-11-30,0.42273139,0.45610027,,,,
711,2016-12-01,0.42459008,0.45071117,,,,
712,2016-12-02,0.45173576,0.46469026,,,,
713,2016-12-05,0.45335005,0.45072324,,,,
714,2016-12-06,0.45285212,0.43768367,,,,
715,2016-12-07,0.46028347,0.44488183,,,,
716,2016-12-08,0.45217636,0.4315517,0.48233984,,0.50754313,
717,2016-12-09,0.45912148,0.42237631,,,,
718,2016-12-12,0.44603307,0.40940484,,,,
719,2016-12-13,0.4458032,0.3973097,,,,
720,2016-12-14,0.44681047,0.38522435,,,,
721,2016-12-15,0.44715184,0.37648403,,,,
722,2016-12-16,0.47351772,0.40524954,,,,
723,2016-12-19,0.50293376,0.44862602,,,,
724,2016-12-20,0.52185549,0.45986465,,,,
725,2016-12-21,0.52063177,0.45198334,,,,
726,2016-12-22,0.49834736,0.44391567,,,,
727,2016-12-23,0.49978392,0.43219097,,,,
728,2016-12-26,0.50515095,0.4607555,,,,
729,2016-12-27,0.50536554,0.45061789,,,,
730,2016-12-28,0.42953578,0.43698714,,,,
731,2016-12-29,0.42947417,0.42550701,,,,
732,2016-12-30,0.3955236,0.41312433,,,,
733,2017-01-03,0.38234092,0.40442211,,,,
734,2017-01-04,0.37407988,0.39780791,,,,
735,2017-01-05,0.3783407,0.38793091,,,,
736,2017-01-06,0.37703105,0.37614954,,,,
737,2017-01-09,0.35332781,0.36566077,,,,
738,2017-01-10,0.38166439,0.38145638,0.34992612,,0.35451746,
739,2017-01-11,0.38033789,0.36975308,0.34195018,0.32752692,0.34728766,0.40274717
740,2017-01-12,0.38030391,0.35924778,0.33725334,0.32043133,0.34141344,0.39708207
741,2017-01-13,0.37889933,0.34888902,0.34005031,0.32446525,0.34437714,0.40004792
742,2017-01-16,0.38497469,0.34353955,0.34250845,0.32645251,0.34894494,0.40271149
743,2017-01-17,0.39160607,0.35528674,,,,
744,2017-01-18,0.36990056,0.34750143,,,,
745,2017-01-19,0.32120757,0.33840252,,,,
746,2017-01-20,0.30274791,0.33907807,,,,
747,2017-01-23,0.32741774,0.36541307,,,,
748,2017-01-24,0.32194998,0.35546757,,,,
749,2017-01-25,0.32151217,0.34636128,,,,
750,2017-01-26,0.27018567,0.34015214,,,,
751,2017-02-03,0.28712661,0.34703524,,,,
752,2017-02-06,0.28760638,0.33859624,,,,
753,2017-02-07,0.28685832,0.32956357,,,,
754,2017-02-08,0.29268815,0.33112174,,,,
755,2017-02-09,0.28587657,0.32093253,,,,
756,2017-02-10,0.28290233,0.31341569,,,,
757,2017-02-13,0.2903846,0.31838244,,,,
758,2017-02-14,0.29192054,0.30903605,,,,
759,2017-02-15,0.30837213,0.31539642,,,,
760,2017-02-16,0.29240958,0.31368245,,,,
761,2017-02-17,0.29739321,0.31012376,,,,
762,2017-02-20,0.29706742,0.3011647,,,,
763,2017-02-21,0.30059546,0.29797272,,,,
764,2017-02-22,0.30213732,0.29644806,,,,
765,2017-02-23,0.28186021,0.28815457,,,,
766,2017-02-24,0.27941357,0.27978284,,,,
767,2017-02-27,0.28197299,0.27637449,,,,
768,2017-02-28,0.2715879,0.26861956,,,,
769,2017-03-01,0.23451663,0.26295314,,,,
770,2017-03-02,0.23617139,0.25859951,,,,
771,2017-03-03,0.23904291,0.25668447,,,,
772,2017-03-06,0.24901956,0.27026365,,,,
773,2017-03-07,0.23266667,0.26259286,,,,
774,2017-03-08,0.22923305,0.25451114,,,,
775,2017-03-09,0.23485688,0.25935924,,,,
776,2017-03-10,0.22384756,0.25580412,,,,
777,2017-03-13,0.23515144,0.25748204,,,,
778,2017-03-14,0.23119277,0.25113188,,,,
779,2017-03-15,0.2099021,0.24346315,,,,
780,2017-03-16,0.22657605,0.249271,,,,
781,2017-03-17,0.21314079,0.24226572,,,,
782,2017-03-20,0.20723533,0.23557806,,,,
783,2017-03-21,0.2016785,0.22930346,,,,
784,2017-03-22,0.21145149,0.23704242,,,,
785,2017-03-23,0.23057156,0.25745634,,,,
786,2017-03-24,0.23343876,0.26191375,,,,
787,2017-03-27,0.24941357,0.27613977,,,,
788,2017-03-28,0.26001913,0.28627704,,,,
789,2017-03-29,0.26493199,0.28309097,,,,
790,2017-03-30,0.26786522,0.2802944,,,,
791,2017-03-31,0.26683821,0.27324403,,,,
792,2017-04-05,0.26480792,0.26655143,,,,
793,2017-04-06,0.26278181,0.25854197,,,,
794,2017-04-07,0.34899263,0.3828459,,,,
795,2017-04-10,0.35235893,0.37289648,,,,
796,2017-04-11,0.35230553,0.36295443,,,,
797,2017-04-12,0.34783567,0.35244545,,,,
798,2017-04-13,0.3491546,0.34617619,,,,
799,2017-04-14,0.34394372,0.34362657,,,,
800,2017-04-17,0.35186813,0.33927669,,,,
801,2017-04-18,0.35426458,0.33655361,,,,
802,2017-04-19,0.34446541,0.33399885,,,,
803,2017-04-20,0.35268032,0.32917891,,,,
804,2017-04-21,0.35055673,0.31956545,,,,
805,2017-04-24,0.35053913,0.31059433,,,,
806,2017-04-25,0.34695476,0.30123666,,,,
807,2017-04-26,0.32880341,0.29472467,,,,
808,2017-04-27,0.32713157,0.2861562,,,,
809,2017-04-28,0.32170922,0.28051774,,,,
810,2017-05-02,0.31407544,0.27363913,,,,
811,2017-05-03,0.31134255,0.27212465,,,,
812,2017-05-04,0.31131172,0.26983825,,,,
813,2017-05-05,0.30939935,0.26160477,,,,
814,2017-05-08,0.30737785,0.25365887,,,,
815,2017-05-09,0.3068229,0.2458521,,,,
816,2017-05-10,0.1845539,0.24069075,,,,
817,2017-05-11,0.1844071,0.23605058,,,,
818,2017-05-12,0.19391913,0.24148942,,,,
819,2017-05-15,0.19347369,0.23444273,,,,
820,2017-05-16,0.1916781,0.23545012,,,,
821,2017-05-17,0.18243165,0.22820715,,,,
822,2017-05-18,0.1791435,0.23246803,0.21745663,,0.24072051,
823,2017-05-19,0.17079243,0.22554191,0.20767151,0.22018725,0.23290083,0.25036223
824,2017-05-22,0.18010505,0.23515441,0.19717525,0.20471435,0.21348245,0.23162945
825,2017-05-23,0.17213711,0.22848628,0.19720515,0.20707912,0.21589193,0.2354926
826,2017-05-24,0.17247692,0.22203004,,,,
827,2017-05-25,0.17146183,0.2151967,,,,
828,2017-05-26,0.17162609,0.20893297,,,,
829,2017-05-31,0.17008237,0.20561191,,,,
830,2017-06-01,0.17878939,0.20883407,,,,
831,2017-06-02,0.17585973,0.20371019,,,,
832,2017-06-05,0.1864046,0.2113221,,,,
833,2017-06-06,0.17926212,0.20631292,,,,
834,2017-06-07,0.17349109,0.20213186,,,,
835,2017-06-08,0.17696984,0.20096749,,,,
836,2017-06-09,0.17965398,0.19925324,,,,
837,2017-06-12,0.18324102,0.19966388,,,,
838,2017-06-13,0.19060933,0.20159771,,,,
839,2017-06-14,0.19044569,0.19844834,,,,
840,2017-06-15,0.17575981,0.19481585,,,,
841,2017-06-16,0.17628606,0.19344066,,,,
842,2017-06-19,0.16272209,0.18911729,,,,
843,2017-06-20,0.16586553,0.19291711,,,,
844,2017-06-21,0.14784802,0.1877167,,,,
845,2017-06-22,0.14513088,0.18242482,,,,
846,2017-06-23,0.14211867,0.1804025,,,,
847,2017-06-26,0.15201881,0.18032742,,,,
848,2017-06-27,0.15509066,0.18202486,,,,
849,2017-06-28,0.16056409,0.18943321,,,,
850,2017-06-29,0.16100933,0.18365601,,,,
851,2017-06-30,0.15312623,0.17857682,,,,
852,2017-07-03,0.15374309,0.18499464,,,,
853,2017-07-04,0.17442876,0.19359581,,,,
854,2017-07-05,0.18008123,0.19835631,,,,
855,2017-07-06,0.18000516,0.19367198,,,,
856,2017-07-07,0.17909502,0.19446303,,,,
857,2017-07-10,0.18563358,0.19520322,,,,
858,2017-07-11,0.19603685,0.20908757,,,,
859,2017-07-12,0.1942341,0.20314603,,,,
860,2017-07-13,0.18552577,0.19704206,,,,
861,2017-07-14,0.1951585,0.20103029,,,,
862,2017-07-17,0.19793285,0.20162064,,,,
863,2017-07-18,0.20054688,0.20032333,,,,
864,2017-07-19,0.20098394,0.19542594,,,,
865,2017-07-20,0.19667453,0.19298115,,,,
866,2017-07-21,0.19708346,0.18812909,,,,
867,2017-07-24,0.19681276,0.18246297,,,,
868,2017-07-25,0.19723976,0.18158102,,,,
869,2017-07-26,0.19908066,0.18716888,,,,
870,2017-07-27,0.20088978,0.1912434,,,,
871,2017-07-28,0.19717657,0.18960195,,,,
872,2017-07-31,0.20786908,0.20018142,,,,
873,2017-08-01,0.212662,0.19938401,,,,
874,2017-08-02,0.21039529,0.20076384,,,,
875,2017-08-03,0.19878501,0.19461101,,,,
876,2017-08-04,0.19194991,0.19641054,,,,
877,2017-08-07,0.19482796,0.19732469,,,,
878,2017-08-08,0.19201973,0.19235617,,,,
879,2017-08-09,0.21035213,0.2297118,,,,
880,2017-08-10,0.2107327,0.22956297,,,,
881,2017-08-11,0.22596546,0.23761123,,,,
882,2017-08-14,0.22536551,0.23044482,,,,
883,2017-08-15,0.21565617,0.225881,,,,
884,2017-08-16,0.21468183,0.22320593,,,,
885,2017-08-17,0.25133004,0.2824953,,,,
886,2017-08-18,0.27197736,0.29220763,,,,
887,2017-08-21,0.27316768,0.28654759,,,,
888,2017-08-22,0.28079452,0.28276777,,,,
889,2017-08-23,0.28136521,0.27744463,,,,
890,2017-08-24,0.28407153,0.27069559,,,,
891,2017-08-25,0.28087794,0.2627969,,,,
892,2017-08-28,0.2927908,0.27162943,,,,
893,2017-08-29,0.28991653,0.26451071,,,,
894,2017-08-30,0.28730782,0.26417956,,,,
895,2017-08-31,0.28557786,0.25820132,,,,
896,2017-09-01,0.28478251,0.25468536,,,,
897,2017-09-04,0.28470852,0.24684903,,,,
898,2017-09-05,0.28199527,0.23927067,,,,
899,2017-09-06,0.29408172,0.25311931,,,,
900,2017-09-07,0.29416488,0.24637476,,,,
901,2017-09-08,0.26730606,0.23879442,,,,
902,2017-09-11,0.26415844,0.23267081,,,,
903,2017-09-12,0.26085067,0.23412934,,,,
904,2017-09-13,0.27113035,0.24269138,,,,
905,2017-09-14,0.27742125,0.24760802,,,,
906,2017-09-15,0.27595537,0.24056939,0.27167228,,0.29936276,
907,2017-09-18,0.24244954,0.2549544,0.27501251,0.28839776,0.31404564,0.34633151
908,2017-09-19,0.22422529,0.24743859,,,,
909,2017-09-20,0.24989412,0.28005216,,,,
910,2017-09-21,0.24282567,0.27143475,,,,
911,2017-09-22,0.25551027,0.27534817,,,,
912,2017-09-25,0.25789587,0.2763633,,,,
913,2017-09-26,0.25890654,0.27105587,,,,
914,2017-09-27,0.24155485,0.26360397,,,,
915,2017-09-28,0.24286397,0.25570253,,,,
916,2017-09-29,0.2518228,0.26971209,,,,
917,2017-10-09,0.24904539,0.26172996,,,,
918,2017-10-10,0.26653657,0.27035734,,,,
919,2017-10-11,0.26638236,0.26205202,,,,
920,2017-10-12,0.26591592,0.2542832,,,,
921,2017-10-13,0.24599452,0.24697981,,,,
922,2017-10-16,0.24440195,0.23953044,,,,
923,2017-10-17,0.25452308,0.24083878,,,,
924,2017-10-18,0.27258587,0.25457486,,,,
925,2017-10-19,0.27994862,0.25907026,,,,
926,2017-10-20,0.27314925,0.2553077,,,,
927,2017-10-23,0.26520679,0.2475021,,,,
928,2017-10-24,0.26500351,0.24057334,,,,
929,2017-10-25,0.25679506,0.24440734,,,,
930,2017-10-26,0.25707161,0.23752511,,,,
931,2017-10-27,0.23129867,0.25034897,,,,
932,2017-10-30,0.23703459,0.25498801,,,,
933,2017-10-31,0.24279155,0.25773227,,,,
934,2017-11-01,0.23292342,0.25076586,,,,
935,2017-11-02,0.22772981,0.24305709,,,,
936,2017-11-03,0.22778589,0.23680623,,,,
937,2017-11-06,0.23327283,0.23329697,,,,
938,2017-11-07,0.20766864,0.22631002,,,,
939,2017-11-08,0.20805964,0.22202402,,,,
940,2017-11-09,0.2026273,0.21879854,,,,
941,2017-11-10,0.22061036,0.22963778,,,,
942,2017-11-13,0.21976501,0.22265335,,,,
943,2017-11-14,0.2203548,0.2178123,,,,
944,2017-11-15,0.22844182,0.22595765,,,,
945,2017-11-16,0.22564456,0.22339448,,,,
946,2017-11-17,0.21106057,0.2172661,,,,
947,2017-11-20,0.20774252,0.21707644,,,,
948,2017-11-21,0.20295732,0.21041902,,,,
949,2017-11-22,0.2101839,0.21207374,,,,
950,2017-11-23,0.23909777,0.24726009,,,,
951,2017-11-24,0.2367341,0.24415821,,,,
952,2017-11-27,0.23855637,0.24120798,,,,
953,2017-11-28,0.22454373,0.23440509,,,,
954,2017-11-29,0.21493222,0.22862839,,,,
955,2017-11-30,0.20589751,0.22294608,,,,
956,2017-12-01,0.21675071,0.23005709,,,,
957,2017-12-04,0.21960123,0.22679924,,,,
958,2017-12-05,0.21851909,0.21997417,,,,
959,2017-12-06,0.21857705,0.21682561,,,,
960,2017-12-07,0.21848998,0.21031864,,,,
961,2017-12-08,0.21773043,0.20566486,,,,
962,2017-12-11,0.21477118,0.19973693,,,,
963,2017-12-12,0.23490827,0.2377916,,,,
964,2017-12-13,0.23579797,0.23165738,,,,
965,2017-12-14,0.2376886,0.2289677,,,,
966,2017-12-15,0.22681657,0.22238661,,,,
967,2017-12-18,0.22952686,0.22612743,0.22012101,,0.22624197,
968,2017-12-19,0.22913987,0.21956357,0.22026445,0.21793858,0.22546079,0.25572027
969,2017-12-20,0.22568874,0.21342238,0.21703103,0.21509525,0.22355425,0.25445647
970,2017-12-21,0.22830201,0.20954776,,,,
971,2017-12-22,0.22328099,0.20352895,,,,
972,2017-12-25,0.18567022,0.19853415,,,,
973,2017-12-26,0.1843203,0.19412267,,,,
974,2017-12-27,0.17837421,0.18832764,,,,
975,2017-12-28,0.18090104,0.18749764,,,,
976,2017-12-29,0.17971021,0.18245459,,,,
977,2018-01-02,0.18220898,0.17948388,,,,
978,2018-01-03,0.17670686,0.18373672,,,,
979,2018-01-04,0.17414717,0.17911189,,,,
980,2018-01-05,0.17401133,0.17425293,,,,
981,2018-01-08,0.17033281,0.16956166,,,,
982,2018-01-09,0.17265218,0.16989129,,,,
983,2018-01-10,0.1752939,0.16970137,,,,
984,2018-01-11,0.17470919,0.16455554,,,,
985,2018-01-12,0.13182695,0.16198546,,,,
986,2018-01-15,0.13071226,0.15755545,,,,
987,2018-01-16,0.14092375,0.17016071,,,,
988,2018-01-17,0.15183311,0.1772227,,,,
989,2018-01-18,0.14141939,0.17393807,,,,
990,2018-01-19,0.14697013,0.17534576,,,,
991,2018-01-22,0.14741799,0.17090106,,,,
992,2018-01-23,0.15356317,0.17745947,,,,
993,2018-01-24,0.15926053,0.17770262,,,,
994,2018-01-25,0.15793916,0.17288066,,,,
995,2018-01-26,0.1597201,0.1713764,,,,
996,2018-01-29,0.16848575,0.17861704,,,,
997,2018-01-30,0.17225348,0.18066226,,,,
998,2018-01-31,0.17354439,0.17734288,,,,
999,2018-02-01,0.17315223,0.17523428,,,,
1000,2018-02-02,0.1664867,0.17078497,,,,
1001,2018-02-05,0.16742178,0.16739491,,,,
1002,2018-02-06,0.16734593,0.16284854,,,,
1003,2018-02-07,0.17316502,0.16668018,,,,
1004,2018-02-08,0.16905166,0.16339805,,,,
1005,2018-02-09,0.16599285,0.15858151,,,,
1006,2018-02-12,0.16599865,0.1537146,,,,
1007,2018-02-13,0.16451231,0.14901569,,,,
1008,2018-02-14,0.17345647,0.15724914,,,,
1009,2018-02-22,0.15942132,0.15246331,,,,
1010,2018-02-23,0.15009792,0.14865323,,,,
1011,2018-02-26,0.14856195,0.14450354,,,,
1012,2018-02-27,0.14285936,0.1407595,,,,
1013,2018-02-28,0.15113626,0.14886741,,,,
1014,2018-03-01,0.13977192,0.14652517,,,,
1015,2018-03-02,0.13847001,0.14703134,,,,
1016,2018-03-05,0.13855254,0.14565192,,,,
1017,2018-03-06,0.13696253,0.14302979,,,,
1018,2018-03-07,0.12193863,0.13951341,,,,
1019,2018-03-08,0.11725102,0.13814817,,,,
1020,2018-03-09,0.11659638,0.13571565,,,,
1021,2018-03-12,0.11002623,0.13169199,,,,
1022,2018-03-13,0.11314427,0.13874966,,,,
1023,2018-03-14,0.13590007,0.15372853,,,,
1024,2018-03-15,0.13753462,0.14984428,,,,
1025,2018-03-16,0.1328733,0.14647126,,,,
1026,2018-03-19,0.13607543,0.14845794,,,,
1027,2018-03-20,0.13605536,0.14395206,,,,
1028,2018-03-21,0.13640804,0.13966812,,,,
1029,2018-03-22,0.16636936,0.17133802,,,,
1030,2018-03-23,0.17300961,0.1879572,,,,
1031,2018-03-26,0.17299238,0.18228371,,,,
1032,2018-03-27,0.17569012,0.18008368,,,,
1033,2018-03-28,0.17609426,0.17525077,,,,
1034,2018-03-29,0.1765647,0.17089627,,,,
1035,2018-03-30,0.17068793,0.16669198,,,,
1036,2018-04-02,0.16988318,0.16221173,,,,
1037,2018-04-03,0.17013569,0.16210417,,,,
1038,2018-04-04,0.1684562,0.157703,,,,
1039,2018-04-09,0.16795304,0.15388976,,,,
1040,2018-04-10,0.16781824,0.14978263,,,,
1041,2018-04-11,0.16594111,0.14517666,,,,
1042,2018-04-12,0.16468747,0.14072449,,,,
1043,2018-04-13,0.16597519,0.13837585,,,,
1044,2018-04-16,0.15836251,0.13415511,,,,
1045,2018-04-17,0.14474825,0.13037803,0.15226743,,0.17343972,
1046,2018-04-18,0.1440748,0.12640665,,,,
1047,2018-04-19,0.14710853,0.1284307,,,,
1048,2018-04-20,0.14179205,0.12459195,,,,
1049,2018-04-23,0.14294889,0.12320753,,,,
1050,2018-04-24,0.14389115,0.12047334,,,,
1051,2018-04-25,0.11267733,0.12108423,,,,
1052,2018-04-26,0.08281575,0.11737727,,,,
1053,2018-04-27,0.08667759,0.11790522,,,,
1054,2018-05-02,0.09064508,0.12338439,,,,
1055,2018-05-03,0.0913025,0.12076904,,,,
1056,2018-05-04,0.09015,0.11735588,,,,
1057,2018-05-07,0.10551173,0.13140899,,,,
1058,2018-05-08,0.10592984,0.1287154,,,,
1059,2018-05-09,0.09883569,0.12475824,,,,
1060,2018-05-10,0.09772394,0.12095821,,,,
1061,2018-05-11,0.10154794,0.12599774,,,,
1062,2018-05-14,0.10452319,0.13036504,,,,
1063,2018-05-15,0.10432208,0.12810434,,,,
1064,2018-05-16,0.10645706,0.12519784,,,,
1065,2018-05-17,0.10236438,0.12134467,,,,
1066,2018-05-18,0.10664786,0.12819483,,,,
1067,2018-05-21,0.1075377,0.12822131,0.1392542,,0.15645887,
1068,2018-05-22,0.11779355,0.14424742,0.15153942,0.15640608,0.16901232,0.19626733
1069,2018-05-23,0.11650829,0.14040045,,,,
1070,2018-05-24,0.11724877,0.14403447,,,,
1071,2018-05-25,0.11831195,0.13960499,,,,
1072,2018-05-28,0.12051281,0.13750991,,,,
1073,2018-05-29,0.1124039,0.13863481,,,,
1074,2018-05-30,0.12554402,0.14172086,,,,
1075,2018-05-31,0.12512852,0.1389004,,,,
1076,2018-06-01,0.12686748,0.13605196,,,,
1077,2018-06-04,0.12352215,0.13216176,,,,
1078,2018-06-05,0.16139721,0.18832498,,,,
1079,2018-06-06,0.15681785,0.18308063,,,,
1080,2018-06-07,0.15849312,0.17753673,,,,
1081,2018-06-08,0.16872662,0.17905947,,,,
1082,2018-06-11,0.16800582,0.17621751,,,,
1083,2018-06-12,0.16647938,0.1709236,,,,
1084,2018-06-13,0.16654936,0.16627646,,,,
1085,2018-06-14,0.17520046,0.16841599,,,,
1086,2018-06-15,0.17431953,0.16341546,,,,
1087,2018-06-19,0.17700398,0.16038119,,,,
1088,2018-06-20,0.17500341,0.1567898,,,,
1089,2018-06-21,0.17551155,0.15377826,,,,
1090,2018-06-22,0.1646369,0.14987159,0.17427785,,0.18498772,
1091,2018-06-25,0.16446774,0.14552612,0.17204591,0.17616147,0.18112208,0.19592261
1092,2018-06-26,0.16896139,0.15529684,0.16930841,0.17076182,0.17919508,0.19718372
1093,2018-06-27,0.17456372,0.15979278,,,,
1094,2018-06-28,0.18423088,0.17500545,,,,
1095,2018-06-29,0.18488186,0.17155577,,,,
1096,2018-07-02,0.19259613,0.18170102,,,,
1097,2018-07-03,0.19213623,0.17624041,,,,
1098,2018-07-04,0.19517967,0.17567137,,,,
1099,2018-07-05,0.20271838,0.18031144,,,,
1100,2018-07-06,0.16129305,0.1754851,,,,
1101,2018-07-09,0.16046303,0.17037435,,,,
1102,2018-07-10,0.16235498,0.16859156,,,,
1103,2018-07-11,0.1723868,0.18430239,,,,
1104,2018-07-12,0.16925428,0.17870375,,,,
1105,2018-07-13,0.16929429,0.17541477,,,,
1106,2018-07-16,0.17068813,0.17062657,,,,
1107,2018-07-17,0.17101939,0.17297442,,,,
1108,2018-07-18,0.17280156,0.16869096,,,,
1109,2018-07-19,0.17366939,0.16455539,,,,
1110,2018-07-20,0.17415949,0.16174595,,,,
1111,2018-07-23,0.17396036,0.15698756,,,,
1112,2018-07-24,0.17453783,0.15361144,,,,
1113,2018-07-25,0.18096961,0.15744503,,,,
1114,2018-07-26,0.17011714,0.15259941,,,,
1115,2018-07-27,0.16138346,0.14790291,,,,
1116,2018-07-30,0.15094847,0.16454216,,,,
1117,2018-07-31,0.1525404,0.15990248,,,,
1118,2018-08-01,0.14488891,0.15988622,,,,
1119,2018-08-02,0.14378475,0.15558769,,,,
1120,2018-08-03,0.14815116,0.16328941,,,,
1121,2018-08-06,0.14286883,0.16007672,,,,
1122,2018-08-07,0.15486165,0.16665974,,,,
1123,2018-08-08,0.17065213,0.17668451,,,,
1124,2018-08-09,0.1690024,0.17125003,,,,
1125,2018-08-10,0.15752386,0.17218524,,,,
1126,2018-08-13,0.15742278,0.16730305,,,,
1127,2018-08-14,0.16051553,0.16691202,,,,
1128,2018-08-15,0.16440761,0.16849194,,,,
1129,2018-08-16,0.17391793,0.1835575,,,,
1130,2018-08-17,0.1742844,0.18160933,,,,
1131,2018-08-20,0.17672184,0.17932646,,,,
1132,2018-08-21,0.17616514,0.17386449,,,,
1133,2018-08-22,0.17568284,0.16854665,,,,
1134,2018-08-23,0.18417328,0.17469762,,,,
1135,2018-08-24,0.20439594,0.20208076,,,,
1136,2018-08-27,0.20533873,0.19690116,,,,
1137,2018-08-28,0.20533395,0.190853,,,,
1138,2018-08-29,0.19411086,0.18704055,,,,
1139,2018-08-30,0.20749927,0.2004933,,,,
1140,2018-08-31,0.20446156,0.19606226,,,,
1141,2018-09-03,0.20359696,0.19037045,,,,
1142,2018-09-04,0.19430528,0.18493111,,,,
1143,2018-09-05,0.19507859,0.18160324,,,,
1144,2018-09-06,0.19059717,0.17662542,,,,
1145,2018-09-07,0.18140418,0.17151077,,,,
1146,2018-09-10,0.19372361,0.18578167,,,,
1147,2018-09-11,0.2001397,0.19333672,,,,
1148,2018-09-12,0.20076757,0.19050347,,,,
1149,2018-09-13,0.19922461,0.18478298,,,,
1150,2018-09-14,0.19476999,0.18312398,,,,
1151,2018-09-17,0.19105758,0.19215506,,,,
1152,2018-09-18,0.1861457,0.18653434,,,,
1153,2018-09-19,0.18624262,0.18421512,0.19822882,,0.19542802,
1154,2018-09-20,0.1865723,0.17855812,,,,
1155,2018-09-21,0.19135641,0.17724389,,,,
1156,2018-09-25,0.18581821,0.17184201,,,,
1157,2018-09-26,0.17157266,0.17823995,,,,
1158,2018-09-27,0.17382015,0.17691664,,,,
1159,2018-09-28,0.18182214,0.18159391,,,,
1160,2018-10-08,0.17995312,0.17603481,,,,
1161,2018-10-09,0.16802505,0.17618476,,,,
1162,2018-10-10,0.16709982,0.17172537,,,,
1163,2018-10-11,0.16678086,0.16666095,,,,
1164,2018-10-12,0.18199418,0.18152364,,,,
1165,2018-10-15,0.18335447,0.18157966,,,,
1166,2018-10-16,0.18325826,0.17651024,,,,
1167,2018-10-17,0.18416762,0.17189206,,,,
1168,2018-10-18,0.17255196,0.17039364,,,,
1169,2018-10-19,0.16644884,0.17193417,,,,
1170,2018-10-22,0.16772877,0.17172752,,,,
1171,2018-10-23,0.16925152,0.16859568,,,,
1172,2018-10-24,0.16565149,0.16349558,,,,
1173,2018-10-25,0.16019806,0.16864383,,,,
1174,2018-10-26,0.16082319,0.16481725,,,,
1175,2018-10-29,0.15838856,0.15996699,,,,
1176,2018-10-30,0.16134826,0.15846961,,,,
1177,2018-10-31,0.15726305,0.15365108,,,,
1178,2018-11-01,0.16641538,0.16299311,,,,
1179,2018-11-02,0.15405801,0.15799046,,,,
1180,2018-11-05,0.15110493,0.15500396,,,,
1181,2018-11-06,0.15125217,0.1569298,,,,
1182,2018-11-07,0.15157335,0.15223337,,,,
1183,2018-11-08,0.14776081,0.14840298,,,,
1184,2018-11-09,0.14693099,0.14495129,,,,
1185,2018-11-12,0.14650119,0.14096594,,,,
1186,2018-11-13,0.13137325,0.13934848,,,,
1187,2018-11-14,0.12533431,0.13520848,,,,
1188,2018-11-15,0.12547532,0.13187545,,,,
1189,2018-11-16,0.12635907,0.12998233,,,,
1190,2018-11-19,0.12254083,0.1267551,,,,
1191,2018-11-20,0.11454481,0.12452661,,,,
1192,2018-11-21,0.10991687,0.12071303,,,,
1193,2018-11-22,0.10656517,0.11758501,,,,
1194,2018-11-23,0.10847167,0.11751305,,,,
1195,2018-11-26,0.12036259,0.13741668,,,,
1196,2018-11-27,0.12313109,0.13848246,,,,
1197,2018-11-28,0.12941018,0.14137086,,,,
1198,2018-11-29,0.12631003,0.13728966,,,,
1199,2018-11-30,0.12752201,0.13477797,,,,
1200,2018-12-03,0.12490563,0.14349058,,,,
1201,2018-12-04,0.12628908,0.14051146,,,,
1202,2018-12-05,0.12467275,0.13677508,,,,
1203,2018-12-06,0.11815652,0.13338787,,,,
1204,2018-12-07,0.11938791,0.1319441,,,,
1205,2018-12-10,0.11990757,0.12850593,,,,
1206,2018-12-11,0.12297514,0.12853763,,,,
1207,2018-12-12,0.12676705,0.13027382,,,,
1208,2018-12-13,0.12464036,0.12689695,,,,
1209,2018-12-14,0.12671363,0.12518045,,,,
1210,2018-12-17,0.12622368,0.12134644,0.11983894,,0.13295647,
1211,2018-12-18,0.1281716,0.12247443,0.11768828,0.11462798,0.13023632,0.1452151
1212,2018-12-19,0.13281559,0.12613926,0.11766742,0.1125256,0.12610086,0.14166423
1213,2018-12-20,0.13199845,0.12249149,,,,
1214,2018-12-21,0.13199893,0.11874135,,,,
1215,2018-12-24,0.13262508,0.11655824,,,,
1216,2018-12-25,0.13149003,0.11572942,,,,
1217,2018-12-26,0.11314653,0.11218909,,,,
1218,2018-12-27,0.10915946,0.11113221,,,,
1219,2018-12-28,0.10478719,0.11082115,,,,
1220,2019-01-02,0.10522444,0.10795615,,,,
1221,2019-01-03,0.11258446,0.11607753,,,,
1222,2019-01-04,0.09797981,0.1127687,,,,
1223,2019-01-07,0.09740906,0.11023609,,,,
1224,2019-01-08,0.10635095,0.12153892,,,,
1225,2019-01-09,0.11257115,0.12310388,,,,
1226,2019-01-10,0.11012689,0.12228397,,,,
1227,2019-01-11,0.11086413,0.11877895,,,,
1228,2019-01-14,0.10858503,0.11517216,,,,
1229,2019-01-15,0.10367744,0.11322789,,,,
1230,2019-01-16,0.10424597,0.11001888,,,,
1231,2019-01-17,0.10419579,0.10745996,,,,
1232,2019-01-18,0.10539907,0.10513879,,,,
1233,2019-01-21,0.10160599,0.10190297,,,,
1234,2019-01-22,0.09395496,0.10014901,0.10940567,,0.12216228,
1235,2019-01-23,0.09498951,0.09783838,,,,
1236,2019-01-24,0.09582588,0.09547637,,,,
1237,2019-01-25,0.09558394,0.09333725,,,,
1238,2019-01-28,0.09357283,0.09100975,,,,
1239,2019-01-29,0.09427641,0.08920102,,,,
1240,2019-01-30,0.09564945,0.09227456,,,,
1241,2019-01-31,0.09299079,0.09167646,,,,
1242,2019-02-01,0.09287946,0.0892022,,,,
1243,2019-02-11,0.14409167,0.16327375,,,,
1244,2019-02-12,0.14474529,0.15840276,,,,
1245,2019-02-13,0.14508085,0.1549564,,,,
1246,2019-02-14,0.14327081,0.15501881,,,,
1247,2019-02-15,0.13869112,0.15025231,,,,
1248,2019-02-18,0.13931967,0.14727261,,,,
1249,2019-02-19,0.1408999,0.14611465,,,,
1250,2019-02-20,0.14092727,0.14192284,,,,
1251,2019-02-21,0.13916021,0.13763379,,,,
1252,2019-02-22,0.15197071,0.14827446,,,,
1253,2019-02-25,0.15248102,0.14487121,,,,
1254,2019-02-26,0.1523887,0.14226598,,,,
1255,2019-02-27,0.15501141,0.14059328,,,,
1256,2019-02-28,0.16142741,0.14509058,,,,
1257,2019-03-01,0.18047704,0.16821034,,,,
1258,2019-03-04,0.18092276,0.16376073,,,,
1259,2019-03-05,0.18270439,0.16172319,,,,
1260,2019-03-06,0.18259519,0.15706585,,,,
1261,2019-03-07,0.18260998,0.15263851,,,,
1262,2019-03-08,0.18145698,0.14961196,,,,
1263,2019-03-11,0.18057061,0.14502464,,,,
1264,2019-03-12,0.18071697,0.14100712,,,,
1265,2019-03-13,0.12947254,0.1368925,,,,
1266,2019-03-14,0.13301576,0.13562134,,,,
1267,2019-03-15,0.13430384,0.13445889,,,,
1268,2019-03-18,0.14425887,0.14628527,,,,
1269,2019-03-19,0.14470599,0.14235364,,,,
1270,2019-03-20,0.14354077,0.13821081,,,,
1271,2019-03-21,0.14261509,0.13656158,,,,
1272,2019-03-22,0.14231197,0.13237869,,,,
1273,2019-03-25,0.14494717,0.1317736,,,,
1274,2019-03-26,0.1330434,0.12797622,,,,
1275,2019-03-27,0.13190688,0.12412455,,,,
1276,2019-03-28,0.13134128,0.12156328,,,,
1277,2019-03-29,0.12850033,0.11802992,,,,
1278,2019-04-01,0.12852487,0.12480759,,,,
1279,2019-04-02,0.0957047,0.12437892,,,,
1280,2019-04-03,0.09834551,0.12179834,,,,
1281,2019-04-04,0.09679131,0.11819121,,,,
1282,2019-04-08,0.09677184,0.11492656,,,,
1283,2019-04-09,0.09600107,0.11148558,,,,
1284,2019-04-10,0.102318,0.11907815,,,,
1285,2019-04-11,0.11040718,0.12855527,,,,
1286,2019-04-12,0.11100786,0.12685805,,,,
1287,2019-04-15,0.11370053,0.12502209,,,,
1288,2019-04-16,0.11699857,0.12419901,,,,
1289,2019-04-17,0.11599645,0.12186209,,,,
1290,2019-04-18,0.10355778,0.11945541,,,,
1291,2019-04-19,0.10820017,0.1201477,,,,
1292,2019-04-22,0.10930735,0.11779089,,,,
1293,2019-04-23,0.10665751,0.11553314,,,,
1294,2019-04-24,0.11016251,0.1178956,,,,
1295,2019-04-25,0.11733038,0.12375799,,,,
1296,2019-04-26,0.11779223,0.12041785,,,,
1297,2019-04-29,0.12056586,0.12006215,,,,
1298,2019-04-30,0.11973412,0.11651401,,,,
1299,2019-05-06,0.13486187,0.1339816,,,,
1300,2019-05-07,0.12591677,0.12990742,,,,
1301,2019-05-08,0.12417293,0.12593195,,,,
1302,2019-05-09,0.12654685,0.12909414,,,,
1303,2019-05-10,0.12599934,0.12526684,,,,
1304,2019-05-13,0.13087865,0.13080802,,,,
1305,2019-05-14,0.13032894,0.12778188,,,,
1306,2019-05-15,0.13301237,0.13103764,,,,
1307,2019-05-16,0.1336294,0.13677037,,,,
1308,2019-05-17,0.13590933,0.13773485,,,,
1309,2019-05-20,0.13416021,0.13384833,,,,
1310,2019-05-21,0.13259383,0.130835,0.12748716,,0.12422935,
1311,2019-05-22,0.13211896,0.1273861,0.12643038,0.12503985,0.1227681,0.16710718
1312,2019-05-23,0.13195572,0.12384663,,,,
1313,2019-05-24,0.13230911,0.12469898,,,,
1314,2019-05-27,0.1397248,0.13463219,,,,
1315,2019-05-28,0.13961175,0.1314526,,,,
1316,2019-05-29,0.13674345,0.12743049,,,,
1317,2019-05-30,0.13942337,0.13559909,,,,
1318,2019-05-31,0.14712864,0.14483978,,,,
1319,2019-06-03,0.14439213,0.14064394,,,,
1320,2019-06-04,0.1448877,0.13809523,,,,
1321,2019-06-05,0.1385641,0.13946783,,,,
1322,2019-06-06,0.13946507,0.13596169,,,,
1323,2019-06-10,0.14259538,0.13547774,,,,
1324,2019-06-11,0.13801022,0.13166223,,,,
1325,2019-06-12,0.14086205,0.13174446,,,,
1326,2019-06-13,0.13410594,0.12778262,,,,
1327,2019-06-14,0.13379383,0.12501012,,,,
1328,2019-06-17,0.12880423,0.12118696,,,,
1329,2019-06-18,0.12065189,0.11746348,,,,
1330,2019-06-19,0.11917836,0.11808592,,,,
1331,2019-06-20,0.12517984,0.12243126,,,,
1332,2019-06-21,0.12533944,0.12025117,,,,
1333,2019-06-24,0.131779,0.12594039,,,,
1334,2019-06-25,0.1323968,0.12199821,,,,
1335,2019-06-26,0.12959257,0.11793934,,,,
1336,2019-06-27,0.12245412,0.12003276,,,,
1337,2019-06-28,0.12164907,0.11554355,,,,
1338,2019-07-01,0.13234865,0.13050057,,,,
1339,2019-07-02,0.1258975,0.12866911,,,,
1340,2019-07-03,0.11839028,0.13057535,,,,
1341,2019-07-04,0.12135017,0.13076865,,,,
1342,2019-07-05,0.12367515,0.13131006,,,,
1343,2019-07-08,0.11948851,0.12730559,,,,
